[2026-05-23 11:42:29] Iniciando sincronización en espejo...
2026/05/23 11:42:29 NOTICE: Documento sin título.docx: Duplicate object found in source - ignoring
2026/05/23 11:42:29 NOTICE: Documento sin título.docx: Duplicate object found in source - ignoring
2026/05/23 11:42:29 NOTICE: Documento sin título.docx: Duplicate object found in source - ignoring
2026/05/23 11:42:29 NOTICE: REUNI.mp3: Duplicate object found in source - ignoring
2026/05/23 11:42:30 NOTICE: 2.📚 ANTOLAKUNTZARAKO/0. DOKUMENTUAK/REGISTRO ENTRADA MATERIAS PRIMAS PARA COCINA.docx: Duplicate object found in source - ignoring
2026/05/23 11:42:31 NOTICE: 3.🍽  APPCC/1. APPCC/0. MANUAL SISTEMA APPCC/NUEVO MANUAL APPCC 202526.docx: Duplicate object found in source - ignoring
2026/05/23 11:42:32 NOTICE: 2.📚 ANTOLAKUNTZARAKO/4. MENUAK/1. MENU TIPOAK/GOMENDIOAK SCOLAREST MENURAKO.pdf: Duplicate object found in source - ignoring
2026/05/23 11:42:34 NOTICE: 2.📚 ANTOLAKUNTZARAKO/1. IZEN-EMATEA/JANTOKI ZERBITZURAKO IZEN EMATEA      INSCRIPCIÓN  SERVICIO  DE  COMEDOR (File responses)/HIRUGARRENAREN ALTA ／ ALTA DE TERCEROS (matrikula berriak bakarrik edo kontu aldaketak／solo nuevas matrículas o cambios de cuenta) (File responses)/ALTA TERCEROS COMEDOR - burgos zorrilla.pdf: Duplicate object found in source - ignoring
2026/05/23 11:42:34 NOTICE: 2.📚 ANTOLAKUNTZARAKO/1. IZEN-EMATEA/JANTOKI ZERBITZURAKO IZEN EMATEA      INSCRIPCIÓN  SERVICIO  DE  COMEDOR (File responses)/HIRUGARRENAREN ALTA ／ ALTA DE TERCEROS (matrikula berriak bakarrik edo kontu aldaketak／solo nuevas matrículas o cambios de cuenta) (File responses)/comedor IERA - FERNÁNDEZ DELGADO IERA.pdf: Duplicate object found in source - ignoring
2026/05/23 11:42:35 NOTICE: 2.📚 ANTOLAKUNTZARAKO/0. DOKUMENTUAK/BIZIKASI/Formación Personal no Docente_BAT.pptx: Duplicate object found in source - ignoring
2026/05/23 11:42:35 NOTICE: 3.🍽  APPCC/1. APPCC/01. REG. TRAZABILIDAD-PRODUCCION/0. FOTOS ETIQUETA PRODUCTOS/02. URRIA/Escaneado_20251031-1323.pdf: Duplicate object found in source - ignoring
2026/05/23 11:42:37 NOTICE: 3.🍽  APPCC/4. APPCC Rev 03 202223/1. REGISTRO TRAZABILIDAD/FOTOS ETIQUETA PRODUCTOS/2. URRIA/Escaneado_ 20221018-0924.pdf: Duplicate object found in source - ignoring
2026/05/23 11:42:46 NOTICE: 3.🍽  APPCC/4. APPCC Rev 03 202223/14. REGISTRO ENTREGA BPMs/LECTURA DE BPMs Y VIGENCIA DE LA FORMACIÓN (personal monitor) (File responses)/Firma este formulario (File responses)/FIRMA Ana - Begiraleak Jantoki.jpg: Duplicate object found in source - ignoring
2026/05/23 11:42:48 NOTICE: 2.📚 ANTOLAKUNTZARAKO/16. IKASTURTEKO EBALUAZIOAK/JANTOKIKO TXOSTENAK/TXOSTENA HH／LH/INDICACIONES PARA CUMPLIMENTAR INFORMES DE EVALUACIÓN TRIMESTRAL HH-LH.docx (Converted - 2024-11-27 12:39).docx: Duplicate object found in source - ignoring
2026/05/23 11:42:48 NOTICE: 2.📚 ANTOLAKUNTZARAKO/6. KOBRANTZAK-ORDAINKETAK/1. KOBRANTZAK BBK/2. ORDAINKETA-GUTUNA/0.PENDIENTES CON DEUDA/AMIR QADA/AMIR QADA-ABONADO-CARTA DE PAGO POR RECIBOS PENDIENTES COMEDOR CURSO 2024／25.docx: Duplicate object found in source - ignoring
2026/05/23 11:42:49 NOTICE: 3.🍽  APPCC/4. APPCC Rev 03 202223/13. REGISTRO DE FORMACIÓN/CERTIFICADOS DE MONITORAS/2022／23/MARIA MONTSERRAT MUNTE DOMENECH/Escaneado_ 20221107-1424.pdf: Duplicate object found in source - ignoring
2026/05/23 11:42:49 NOTICE: 3.🍽  APPCC/4. APPCC Rev 03 202223/13. REGISTRO DE FORMACIÓN/CERTIFICADOS DE MONITORAS/2022／23/MARIA MONTSERRAT MUNTE DOMENECH/Escaneado_ 20221107-1425.pdf: Duplicate object found in source - ignoring
2026/05/23 11:42:53 NOTICE: 2.📚 ANTOLAKUNTZARAKO/12. BESTE/KONPONKETAK/Fotos panel arcón/20190523_122532.jpg: Duplicate object found in source - ignoring
2026/05/23 11:42:53 NOTICE: 2.📚 ANTOLAKUNTZARAKO/12. BESTE/KONPONKETAK/Fotos panel arcón/20190523_122539.jpg: Duplicate object found in source - ignoring
2026/05/23 11:42:53 NOTICE: 2.📚 ANTOLAKUNTZARAKO/12. BESTE/KONPONKETAK/Fotos panel arcón/20190523_122707.jpg: Duplicate object found in source - ignoring
2026/05/23 11:42:53 NOTICE: 2.📚 ANTOLAKUNTZARAKO/12. BESTE/KONPONKETAK/Fotos panel arcón/20190527_103540.jpg: Duplicate object found in source - ignoring
2026/05/23 11:42:53 NOTICE: 2.📚 ANTOLAKUNTZARAKO/12. BESTE/KONPONKETAK/Fotos panel arcón/20190527_103540.jpg: Duplicate object found in source - ignoring
2026/05/23 11:42:53 NOTICE: 2.📚 ANTOLAKUNTZARAKO/12. BESTE/KONPONKETAK/Fotos panel arcón/20190527_103551.jpg: Duplicate object found in source - ignoring
2026/05/23 11:42:53 NOTICE: 2.📚 ANTOLAKUNTZARAKO/12. BESTE/KONPONKETAK/Fotos panel arcón/20190527_103551.jpg: Duplicate object found in source - ignoring
2026/05/23 11:42:54 NOTICE: 2.📚 ANTOLAKUNTZARAKO/16. IKASTURTEKO EBALUAZIOAK/JANTOKIKO TXOSTENAK/TXOSTENA HH／LH/BAZKALTIAR BAKOITZAREN JANTOKI-TXOSTENA HH／LH/AIARA VARONA MARTINEZ.docx: Duplicate object found in source - ignoring
2026/05/23 11:42:55 NOTICE: 3.🍽  APPCC/1. APPCC/01. REG. TRAZABILIDAD-PRODUCCION/0. FOTOS ETIQUETA PRODUCTOS/07. MARTXOA/Escaneado_20260313-1255.pdf: Duplicate object found in source - ignoring
2026/05/23 11:42:57 NOTICE: 2.📚 ANTOLAKUNTZARAKO/6. KOBRANTZAK-ORDAINKETAK/1. KOBRANTZAK BBK/2. ORDAINKETA-GUTUNA/0.PENDIENTES CON DEUDA/CRISTIAN CASTELLON GONZALEZ 2025-26/CRISTIAN ANTONIO CASTELLON GONZALEZ-CARTA DE PAGO POR RECIBOS PENDIENTES COMEDOR CURSO 2025／26.docx: Duplicate object found in source - ignoring
2026/05/23 11:42:59 NOTICE: 3.🍽  APPCC/1. APPCC/01. REG. TRAZABILIDAD-PRODUCCION/0. FOTOS ETIQUETA PRODUCTOS/08. APIRILA/Escaneado_20260428-0904.pdf: Duplicate object found in source - ignoring
2026/05/23 11:42:59 NOTICE: 2.📚 ANTOLAKUNTZARAKO/11. AUSOLAN/BEGIRALEAK/REGISTRO DE TAQUILLAS PERSONAL MONITOR (File responses)/Firma este formulario (File responses)/20211112_114001 - Begiraleak Jantoki.jpg: Duplicate object found in source - ignoring
2026/05/23 11:42:59 NOTICE: 2.📚 ANTOLAKUNTZARAKO/11. AUSOLAN/BEGIRALEAK/REGISTRO DE TAQUILLAS PERSONAL MONITOR (File responses)/Firma este formulario (File responses)/IMG20211112123920 - Begiraleak Jantoki.jpg: Duplicate object found in source - ignoring
2026/05/23 11:42:59 NOTICE: 2.📚 ANTOLAKUNTZARAKO/11. AUSOLAN/BEGIRALEAK/REGISTRO DE TAQUILLAS PERSONAL MONITOR (File responses)/Firma este formulario (File responses)/IMG20211112123920 - Begiraleak Jantoki.jpg: Duplicate object found in source - ignoring
2026/05/23 11:42:59 NOTICE: 2.📚 ANTOLAKUNTZARAKO/11. AUSOLAN/BEGIRALEAK/REGISTRO DE TAQUILLAS PERSONAL MONITOR (File responses)/Firma este formulario (File responses)/IMG_20211112_113950 - Begiraleak Jantoki.jpg: Duplicate object found in source - ignoring
2026/05/23 11:42:59 NOTICE: 2.📚 ANTOLAKUNTZARAKO/11. AUSOLAN/BEGIRALEAK/REGISTRO DE TAQUILLAS PERSONAL MONITOR (File responses)/Firma este formulario (File responses)/IMG_20211112_123910 - Begiraleak Jantoki.jpg: Duplicate object found in source - ignoring
2026/05/23 11:42:59 NOTICE: 2.📚 ANTOLAKUNTZARAKO/11. AUSOLAN/BEGIRALEAK/REGISTRO DE TAQUILLAS PERSONAL MONITOR (File responses)/Firma este formulario (File responses)/IMG_20211112_124038 - Begiraleak Jantoki.jpg: Duplicate object found in source - ignoring
2026/05/23 11:42:59 NOTICE: 2.📚 ANTOLAKUNTZARAKO/11. AUSOLAN/BEGIRALEAK/REGISTRO DE TAQUILLAS PERSONAL MONITOR (File responses)/Firma este formulario (File responses)/IMG_20211112_124038 - Begiraleak Jantoki.jpg: Duplicate object found in source - ignoring
2026/05/23 11:42:59 NOTICE: 2.📚 ANTOLAKUNTZARAKO/11. AUSOLAN/BEGIRALEAK/REGISTRO DE TAQUILLAS PERSONAL MONITOR (File responses)/Firma este formulario (File responses)/Notes_220609_190045_51c - Begiraleak Jantoki.jpg: Duplicate object found in source - ignoring
2026/05/23 11:42:59 NOTICE: 2.📚 ANTOLAKUNTZARAKO/11. AUSOLAN/BEGIRALEAK/REGISTRO DE TAQUILLAS PERSONAL MONITOR (File responses)/Firma este formulario (File responses)/firma - Begiraleak Jantoki.jpg: Duplicate object found in source - ignoring
2026/05/23 11:43:01 NOTICE: 2.📚 ANTOLAKUNTZARAKO/12. BESTE/FORMAKUNTZA/DIGICURRI/2. MODULUA/3. ATAZA/Orientazio-lasterketak hiztegia (respuestas).xlsx: Duplicate object found in source - ignoring
2026/05/23 11:43:26 NOTICE: 2.📚 ANTOLAKUNTZARAKO/4. MENUAK/5. DIETAS PIZARRA DIGITAL COMEDOR/08. APIRILA/PIZARRA COMEDOR.pptx: Duplicate object found in source - ignoring
2026/05/23 11:43:29 INFO  : 
Transferred:   	          0 B / 0 B, -, 0 B/s, ETA -
Checks:              3528 / 3528, 100%, Listed 8297
Elapsed time:       1m0.0s

2026/05/23 11:43:31 NOTICE: 2.📚 ANTOLAKUNTZARAKO/4. MENUAK/5. DIETAS PIZARRA DIGITAL COMEDOR/09. MAIATZA/PIZARRA COMEDOR 202605.pptx: Duplicate object found in source - ignoring
2026/05/23 11:43:32 NOTICE: 3.🍽  APPCC/4. APPCC Rev 03 202223/3. REGISTRO MATERIAS PRIMAS/1. EMATE-AGIRIAK/1. URRIA/Escaneado_ 20221025-0926.pdf: Duplicate object found in source - ignoring
2026/05/23 11:43:36 NOTICE: 3.🍽  APPCC/4. APPCC Rev 03 202223/7. FICHAS TÉCNICAS DE PLATOS/FICHAS DE PLATOS/1. DIETA BASAL/DIETA BASAL 1ER PLATO/Fideuá con verduras: Duplicate object found in source - ignoring
2026/05/23 11:43:37 NOTICE: 3.🍽  APPCC/4. APPCC Rev 03 202223/7. FICHAS TÉCNICAS DE PLATOS/FICHAS DE PLATOS/1. DIETA BASAL/DIETA BASAL 2º PLATO/Salmón al horno con lechuga: Duplicate object found in source - ignoring
2026/05/23 11:43:39 NOTICE: 3.🍽  APPCC/4. APPCC Rev 03 202223/7. FICHAS TÉCNICAS DE PLATOS/FICHAS DE PLATOS/3. DIETAS ESPECIALES/DIETAS ESPECIALES 2º PLATO/Lomo fresco plancha con champiñones: Duplicate object found in source - ignoring
2026/05/23 11:43:39 NOTICE: 3.🍽  APPCC/4. APPCC Rev 03 202223/7. FICHAS TÉCNICAS DE PLATOS/FICHAS DE PLATOS/3. DIETAS ESPECIALES/DIETAS ESPECIALES 2º PLATO/Merluza al horno con zanahorias: Duplicate object found in source - ignoring
2026/05/23 11:43:40 INFO  : There was nothing to transfer
2026/05/23 11:43:40 INFO  : 
Transferred:   	          0 B / 0 B, -, 0 B/s, ETA -
Checks:              4738 / 4738, 100%, Listed 10844
Elapsed time:      1m10.5s

[2026-05-23 11:43:40] Sincronización finalizada.
--------------------------------------------------
[2026-05-23 11:57:42] Iniciando sincronización en espejo...
2026/05/23 11:57:43 NOTICE: Documento sin título.docx: Duplicate object found in source - ignoring
2026/05/23 11:57:43 NOTICE: Documento sin título.docx: Duplicate object found in source - ignoring
2026/05/23 11:57:43 NOTICE: Documento sin título.docx: Duplicate object found in source - ignoring
2026/05/23 11:57:43 NOTICE: REUNI.mp3: Duplicate object found in source - ignoring
2026/05/23 11:57:44 NOTICE: 2.📚 ANTOLAKUNTZARAKO/0. DOKUMENTUAK/REGISTRO ENTRADA MATERIAS PRIMAS PARA COCINA.docx: Duplicate object found in source - ignoring
2026/05/23 11:57:45 NOTICE: 3.🍽  APPCC/1. APPCC/0. MANUAL SISTEMA APPCC/NUEVO MANUAL APPCC 202526.docx: Duplicate object found in source - ignoring
2026/05/23 11:57:46 NOTICE: 2.📚 ANTOLAKUNTZARAKO/4. MENUAK/1. MENU TIPOAK/GOMENDIOAK SCOLAREST MENURAKO.pdf: Duplicate object found in source - ignoring
2026/05/23 11:57:47 NOTICE: 2.📚 ANTOLAKUNTZARAKO/1. IZEN-EMATEA/JANTOKI ZERBITZURAKO IZEN EMATEA      INSCRIPCIÓN  SERVICIO  DE  COMEDOR (File responses)/HIRUGARRENAREN ALTA ／ ALTA DE TERCEROS (matrikula berriak bakarrik edo kontu aldaketak／solo nuevas matrículas o cambios de cuenta) (File responses)/ALTA TERCEROS COMEDOR - burgos zorrilla.pdf: Duplicate object found in source - ignoring
2026/05/23 11:57:47 NOTICE: 2.📚 ANTOLAKUNTZARAKO/1. IZEN-EMATEA/JANTOKI ZERBITZURAKO IZEN EMATEA      INSCRIPCIÓN  SERVICIO  DE  COMEDOR (File responses)/HIRUGARRENAREN ALTA ／ ALTA DE TERCEROS (matrikula berriak bakarrik edo kontu aldaketak／solo nuevas matrículas o cambios de cuenta) (File responses)/comedor IERA - FERNÁNDEZ DELGADO IERA.pdf: Duplicate object found in source - ignoring
2026/05/23 11:57:48 NOTICE: 3.🍽  APPCC/1. APPCC/01. REG. TRAZABILIDAD-PRODUCCION/0. FOTOS ETIQUETA PRODUCTOS/02. URRIA/Escaneado_20251031-1323.pdf: Duplicate object found in source - ignoring
2026/05/23 11:57:50 NOTICE: 2.📚 ANTOLAKUNTZARAKO/0. DOKUMENTUAK/BIZIKASI/Formación Personal no Docente_BAT.pptx: Duplicate object found in source - ignoring
2026/05/23 11:57:50 NOTICE: 3.🍽  APPCC/4. APPCC Rev 03 202223/1. REGISTRO TRAZABILIDAD/FOTOS ETIQUETA PRODUCTOS/2. URRIA/Escaneado_ 20221018-0924.pdf: Duplicate object found in source - ignoring
2026/05/23 11:58:01 NOTICE: 2.📚 ANTOLAKUNTZARAKO/16. IKASTURTEKO EBALUAZIOAK/JANTOKIKO TXOSTENAK/TXOSTENA HH／LH/INDICACIONES PARA CUMPLIMENTAR INFORMES DE EVALUACIÓN TRIMESTRAL HH-LH.docx (Converted - 2024-11-27 12:39).docx: Duplicate object found in source - ignoring
2026/05/23 11:58:01 NOTICE: 3.🍽  APPCC/4. APPCC Rev 03 202223/14. REGISTRO ENTREGA BPMs/LECTURA DE BPMs Y VIGENCIA DE LA FORMACIÓN (personal monitor) (File responses)/Firma este formulario (File responses)/FIRMA Ana - Begiraleak Jantoki.jpg: Duplicate object found in source - ignoring
2026/05/23 11:58:10 NOTICE: 3.🍽  APPCC/4. APPCC Rev 03 202223/13. REGISTRO DE FORMACIÓN/CERTIFICADOS DE MONITORAS/2022／23/MARIA MONTSERRAT MUNTE DOMENECH/Escaneado_ 20221107-1424.pdf: Duplicate object found in source - ignoring
2026/05/23 11:58:10 NOTICE: 3.🍽  APPCC/4. APPCC Rev 03 202223/13. REGISTRO DE FORMACIÓN/CERTIFICADOS DE MONITORAS/2022／23/MARIA MONTSERRAT MUNTE DOMENECH/Escaneado_ 20221107-1425.pdf: Duplicate object found in source - ignoring
2026/05/23 11:58:10 NOTICE: 2.📚 ANTOLAKUNTZARAKO/6. KOBRANTZAK-ORDAINKETAK/1. KOBRANTZAK BBK/2. ORDAINKETA-GUTUNA/0.PENDIENTES CON DEUDA/AMIR QADA/AMIR QADA-ABONADO-CARTA DE PAGO POR RECIBOS PENDIENTES COMEDOR CURSO 2024／25.docx: Duplicate object found in source - ignoring
2026/05/23 11:58:43 INFO  : 
Transferred:   	          0 B / 0 B, -, 0 B/s, ETA -
Checks:              2067 / 2067, 100%, Listed 5279
Elapsed time:       1m0.0s

2026/05/23 11:58:46 NOTICE: 2.📚 ANTOLAKUNTZARAKO/16. IKASTURTEKO EBALUAZIOAK/JANTOKIKO TXOSTENAK/TXOSTENA HH／LH/BAZKALTIAR BAKOITZAREN JANTOKI-TXOSTENA HH／LH/AIARA VARONA MARTINEZ.docx: Duplicate object found in source - ignoring
2026/05/23 11:58:47 NOTICE: 2.📚 ANTOLAKUNTZARAKO/12. BESTE/KONPONKETAK/Fotos panel arcón/20190523_122532.jpg: Duplicate object found in source - ignoring
2026/05/23 11:58:47 NOTICE: 2.📚 ANTOLAKUNTZARAKO/12. BESTE/KONPONKETAK/Fotos panel arcón/20190523_122539.jpg: Duplicate object found in source - ignoring
2026/05/23 11:58:47 NOTICE: 2.📚 ANTOLAKUNTZARAKO/12. BESTE/KONPONKETAK/Fotos panel arcón/20190523_122707.jpg: Duplicate object found in source - ignoring
2026/05/23 11:58:47 NOTICE: 2.📚 ANTOLAKUNTZARAKO/12. BESTE/KONPONKETAK/Fotos panel arcón/20190527_103540.jpg: Duplicate object found in source - ignoring
2026/05/23 11:58:47 NOTICE: 2.📚 ANTOLAKUNTZARAKO/12. BESTE/KONPONKETAK/Fotos panel arcón/20190527_103540.jpg: Duplicate object found in source - ignoring
2026/05/23 11:58:47 NOTICE: 2.📚 ANTOLAKUNTZARAKO/12. BESTE/KONPONKETAK/Fotos panel arcón/20190527_103551.jpg: Duplicate object found in source - ignoring
2026/05/23 11:58:47 NOTICE: 2.📚 ANTOLAKUNTZARAKO/12. BESTE/KONPONKETAK/Fotos panel arcón/20190527_103551.jpg: Duplicate object found in source - ignoring
2026/05/23 11:58:47 NOTICE: 3.🍽  APPCC/1. APPCC/01. REG. TRAZABILIDAD-PRODUCCION/0. FOTOS ETIQUETA PRODUCTOS/07. MARTXOA/Escaneado_20260313-1255.pdf: Duplicate object found in source - ignoring
2026/05/23 11:58:47 NOTICE: 2.📚 ANTOLAKUNTZARAKO/11. AUSOLAN/BEGIRALEAK/REGISTRO DE TAQUILLAS PERSONAL MONITOR (File responses)/Firma este formulario (File responses)/20211112_114001 - Begiraleak Jantoki.jpg: Duplicate object found in source - ignoring
2026/05/23 11:58:47 NOTICE: 2.📚 ANTOLAKUNTZARAKO/11. AUSOLAN/BEGIRALEAK/REGISTRO DE TAQUILLAS PERSONAL MONITOR (File responses)/Firma este formulario (File responses)/IMG20211112123920 - Begiraleak Jantoki.jpg: Duplicate object found in source - ignoring
2026/05/23 11:58:47 NOTICE: 2.📚 ANTOLAKUNTZARAKO/11. AUSOLAN/BEGIRALEAK/REGISTRO DE TAQUILLAS PERSONAL MONITOR (File responses)/Firma este formulario (File responses)/IMG20211112123920 - Begiraleak Jantoki.jpg: Duplicate object found in source - ignoring
2026/05/23 11:58:47 NOTICE: 2.📚 ANTOLAKUNTZARAKO/11. AUSOLAN/BEGIRALEAK/REGISTRO DE TAQUILLAS PERSONAL MONITOR (File responses)/Firma este formulario (File responses)/IMG_20211112_113950 - Begiraleak Jantoki.jpg: Duplicate object found in source - ignoring
2026/05/23 11:58:47 NOTICE: 2.📚 ANTOLAKUNTZARAKO/11. AUSOLAN/BEGIRALEAK/REGISTRO DE TAQUILLAS PERSONAL MONITOR (File responses)/Firma este formulario (File responses)/IMG_20211112_123910 - Begiraleak Jantoki.jpg: Duplicate object found in source - ignoring
2026/05/23 11:58:47 NOTICE: 2.📚 ANTOLAKUNTZARAKO/11. AUSOLAN/BEGIRALEAK/REGISTRO DE TAQUILLAS PERSONAL MONITOR (File responses)/Firma este formulario (File responses)/IMG_20211112_124038 - Begiraleak Jantoki.jpg: Duplicate object found in source - ignoring
2026/05/23 11:58:47 NOTICE: 2.📚 ANTOLAKUNTZARAKO/11. AUSOLAN/BEGIRALEAK/REGISTRO DE TAQUILLAS PERSONAL MONITOR (File responses)/Firma este formulario (File responses)/IMG_20211112_124038 - Begiraleak Jantoki.jpg: Duplicate object found in source - ignoring
2026/05/23 11:58:47 NOTICE: 2.📚 ANTOLAKUNTZARAKO/11. AUSOLAN/BEGIRALEAK/REGISTRO DE TAQUILLAS PERSONAL MONITOR (File responses)/Firma este formulario (File responses)/Notes_220609_190045_51c - Begiraleak Jantoki.jpg: Duplicate object found in source - ignoring
2026/05/23 11:58:47 NOTICE: 2.📚 ANTOLAKUNTZARAKO/11. AUSOLAN/BEGIRALEAK/REGISTRO DE TAQUILLAS PERSONAL MONITOR (File responses)/Firma este formulario (File responses)/firma - Begiraleak Jantoki.jpg: Duplicate object found in source - ignoring
2026/05/23 11:58:48 NOTICE: 3.🍽  APPCC/1. APPCC/01. REG. TRAZABILIDAD-PRODUCCION/0. FOTOS ETIQUETA PRODUCTOS/08. APIRILA/Escaneado_20260428-0904.pdf: Duplicate object found in source - ignoring
2026/05/23 11:58:48 NOTICE: 2.📚 ANTOLAKUNTZARAKO/6. KOBRANTZAK-ORDAINKETAK/1. KOBRANTZAK BBK/2. ORDAINKETA-GUTUNA/0.PENDIENTES CON DEUDA/CRISTIAN CASTELLON GONZALEZ 2025-26/CRISTIAN ANTONIO CASTELLON GONZALEZ-CARTA DE PAGO POR RECIBOS PENDIENTES COMEDOR CURSO 2025／26.docx: Duplicate object found in source - ignoring
2026/05/23 11:58:49 NOTICE: 2.📚 ANTOLAKUNTZARAKO/12. BESTE/FORMAKUNTZA/DIGICURRI/2. MODULUA/3. ATAZA/Orientazio-lasterketak hiztegia (respuestas).xlsx: Duplicate object found in source - ignoring
2026/05/23 11:58:54 NOTICE: 2.📚 ANTOLAKUNTZARAKO/4. MENUAK/5. DIETAS PIZARRA DIGITAL COMEDOR/08. APIRILA/PIZARRA COMEDOR.pptx: Duplicate object found in source - ignoring
2026/05/23 11:58:56 NOTICE: 2.📚 ANTOLAKUNTZARAKO/4. MENUAK/5. DIETAS PIZARRA DIGITAL COMEDOR/09. MAIATZA/PIZARRA COMEDOR 202605.pptx: Duplicate object found in source - ignoring
2026/05/23 11:58:58 NOTICE: 3.🍽  APPCC/4. APPCC Rev 03 202223/3. REGISTRO MATERIAS PRIMAS/1. EMATE-AGIRIAK/1. URRIA/Escaneado_ 20221025-0926.pdf: Duplicate object found in source - ignoring
2026/05/23 11:59:12 NOTICE: 3.🍽  APPCC/4. APPCC Rev 03 202223/7. FICHAS TÉCNICAS DE PLATOS/FICHAS DE PLATOS/1. DIETA BASAL/DIETA BASAL 1ER PLATO/Fideuá con verduras: Duplicate object found in source - ignoring
2026/05/23 11:59:35 NOTICE: 3.🍽  APPCC/4. APPCC Rev 03 202223/7. FICHAS TÉCNICAS DE PLATOS/FICHAS DE PLATOS/3. DIETAS ESPECIALES/DIETAS ESPECIALES 2º PLATO/Lomo fresco plancha con champiñones: Duplicate object found in source - ignoring
2026/05/23 11:59:35 NOTICE: 3.🍽  APPCC/4. APPCC Rev 03 202223/7. FICHAS TÉCNICAS DE PLATOS/FICHAS DE PLATOS/3. DIETAS ESPECIALES/DIETAS ESPECIALES 2º PLATO/Merluza al horno con zanahorias: Duplicate object found in source - ignoring
2026/05/23 11:59:37 NOTICE: 3.🍽  APPCC/4. APPCC Rev 03 202223/7. FICHAS TÉCNICAS DE PLATOS/FICHAS DE PLATOS/1. DIETA BASAL/DIETA BASAL 2º PLATO/Salmón al horno con lechuga: Duplicate object found in source - ignoring
2026/05/23 11:59:42 INFO  : There was nothing to transfer
2026/05/23 11:59:42 INFO  : 
Transferred:   	          0 B / 0 B, -, 0 B/s, ETA -
Checks:              4738 / 4738, 100%, Listed 10844
Elapsed time:      1m58.7s

[2026-05-23 11:59:42] Sincronización finalizada.
--------------------------------------------------
[2026-05-23 12:13:42] Iniciando sincronización en espejo...
2026/05/23 12:13:43 NOTICE: Documento sin título.docx: Duplicate object found in source - ignoring
2026/05/23 12:13:43 NOTICE: Documento sin título.docx: Duplicate object found in source - ignoring
2026/05/23 12:13:43 NOTICE: Documento sin título.docx: Duplicate object found in source - ignoring
2026/05/23 12:13:43 NOTICE: REUNI.mp3: Duplicate object found in source - ignoring
2026/05/23 12:13:44 NOTICE: 2.📚 ANTOLAKUNTZARAKO/0. DOKUMENTUAK/REGISTRO ENTRADA MATERIAS PRIMAS PARA COCINA.docx: Duplicate object found in source - ignoring
2026/05/23 12:13:44 NOTICE: 3.🍽  APPCC/1. APPCC/0. MANUAL SISTEMA APPCC/NUEVO MANUAL APPCC 202526.docx: Duplicate object found in source - ignoring
2026/05/23 12:13:46 NOTICE: 2.📚 ANTOLAKUNTZARAKO/4. MENUAK/1. MENU TIPOAK/GOMENDIOAK SCOLAREST MENURAKO.pdf: Duplicate object found in source - ignoring
2026/05/23 12:13:47 NOTICE: 2.📚 ANTOLAKUNTZARAKO/1. IZEN-EMATEA/JANTOKI ZERBITZURAKO IZEN EMATEA      INSCRIPCIÓN  SERVICIO  DE  COMEDOR (File responses)/HIRUGARRENAREN ALTA ／ ALTA DE TERCEROS (matrikula berriak bakarrik edo kontu aldaketak／solo nuevas matrículas o cambios de cuenta) (File responses)/ALTA TERCEROS COMEDOR - burgos zorrilla.pdf: Duplicate object found in source - ignoring
2026/05/23 12:13:47 NOTICE: 2.📚 ANTOLAKUNTZARAKO/1. IZEN-EMATEA/JANTOKI ZERBITZURAKO IZEN EMATEA      INSCRIPCIÓN  SERVICIO  DE  COMEDOR (File responses)/HIRUGARRENAREN ALTA ／ ALTA DE TERCEROS (matrikula berriak bakarrik edo kontu aldaketak／solo nuevas matrículas o cambios de cuenta) (File responses)/comedor IERA - FERNÁNDEZ DELGADO IERA.pdf: Duplicate object found in source - ignoring
2026/05/23 12:13:48 NOTICE: 3.🍽  APPCC/1. APPCC/01. REG. TRAZABILIDAD-PRODUCCION/0. FOTOS ETIQUETA PRODUCTOS/02. URRIA/Escaneado_20251031-1323.pdf: Duplicate object found in source - ignoring
2026/05/23 12:13:48 NOTICE: 2.📚 ANTOLAKUNTZARAKO/0. DOKUMENTUAK/BIZIKASI/Formación Personal no Docente_BAT.pptx: Duplicate object found in source - ignoring
2026/05/23 12:13:52 NOTICE: 3.🍽  APPCC/4. APPCC Rev 03 202223/1. REGISTRO TRAZABILIDAD/FOTOS ETIQUETA PRODUCTOS/2. URRIA/Escaneado_ 20221018-0924.pdf: Duplicate object found in source - ignoring
2026/05/23 12:14:01 NOTICE: 2.📚 ANTOLAKUNTZARAKO/6. KOBRANTZAK-ORDAINKETAK/1. KOBRANTZAK BBK/2. ORDAINKETA-GUTUNA/0.PENDIENTES CON DEUDA/AMIR QADA/AMIR QADA-ABONADO-CARTA DE PAGO POR RECIBOS PENDIENTES COMEDOR CURSO 2024／25.docx: Duplicate object found in source - ignoring
2026/05/23 12:14:01 NOTICE: 2.📚 ANTOLAKUNTZARAKO/16. IKASTURTEKO EBALUAZIOAK/JANTOKIKO TXOSTENAK/TXOSTENA HH／LH/INDICACIONES PARA CUMPLIMENTAR INFORMES DE EVALUACIÓN TRIMESTRAL HH-LH.docx (Converted - 2024-11-27 12:39).docx: Duplicate object found in source - ignoring
2026/05/23 12:14:03 NOTICE: 3.🍽  APPCC/4. APPCC Rev 03 202223/14. REGISTRO ENTREGA BPMs/LECTURA DE BPMs Y VIGENCIA DE LA FORMACIÓN (personal monitor) (File responses)/Firma este formulario (File responses)/FIRMA Ana - Begiraleak Jantoki.jpg: Duplicate object found in source - ignoring
2026/05/23 12:14:07 NOTICE: 3.🍽  APPCC/4. APPCC Rev 03 202223/13. REGISTRO DE FORMACIÓN/CERTIFICADOS DE MONITORAS/2022／23/MARIA MONTSERRAT MUNTE DOMENECH/Escaneado_ 20221107-1424.pdf: Duplicate object found in source - ignoring
2026/05/23 12:14:07 NOTICE: 3.🍽  APPCC/4. APPCC Rev 03 202223/13. REGISTRO DE FORMACIÓN/CERTIFICADOS DE MONITORAS/2022／23/MARIA MONTSERRAT MUNTE DOMENECH/Escaneado_ 20221107-1425.pdf: Duplicate object found in source - ignoring
2026/05/23 12:14:09 NOTICE: 2.📚 ANTOLAKUNTZARAKO/12. BESTE/KONPONKETAK/Fotos panel arcón/20190523_122532.jpg: Duplicate object found in source - ignoring
2026/05/23 12:14:09 NOTICE: 2.📚 ANTOLAKUNTZARAKO/12. BESTE/KONPONKETAK/Fotos panel arcón/20190523_122539.jpg: Duplicate object found in source - ignoring
2026/05/23 12:14:09 NOTICE: 2.📚 ANTOLAKUNTZARAKO/12. BESTE/KONPONKETAK/Fotos panel arcón/20190523_122707.jpg: Duplicate object found in source - ignoring
2026/05/23 12:14:09 NOTICE: 2.📚 ANTOLAKUNTZARAKO/12. BESTE/KONPONKETAK/Fotos panel arcón/20190527_103540.jpg: Duplicate object found in source - ignoring
2026/05/23 12:14:09 NOTICE: 2.📚 ANTOLAKUNTZARAKO/12. BESTE/KONPONKETAK/Fotos panel arcón/20190527_103540.jpg: Duplicate object found in source - ignoring
2026/05/23 12:14:09 NOTICE: 2.📚 ANTOLAKUNTZARAKO/12. BESTE/KONPONKETAK/Fotos panel arcón/20190527_103551.jpg: Duplicate object found in source - ignoring
2026/05/23 12:14:09 NOTICE: 2.📚 ANTOLAKUNTZARAKO/12. BESTE/KONPONKETAK/Fotos panel arcón/20190527_103551.jpg: Duplicate object found in source - ignoring
2026/05/23 12:14:09 NOTICE: 3.🍽  APPCC/1. APPCC/01. REG. TRAZABILIDAD-PRODUCCION/0. FOTOS ETIQUETA PRODUCTOS/07. MARTXOA/Escaneado_20260313-1255.pdf: Duplicate object found in source - ignoring
2026/05/23 12:14:10 NOTICE: 2.📚 ANTOLAKUNTZARAKO/16. IKASTURTEKO EBALUAZIOAK/JANTOKIKO TXOSTENAK/TXOSTENA HH／LH/BAZKALTIAR BAKOITZAREN JANTOKI-TXOSTENA HH／LH/AIARA VARONA MARTINEZ.docx: Duplicate object found in source - ignoring
2026/05/23 12:14:23 NOTICE: 2.📚 ANTOLAKUNTZARAKO/6. KOBRANTZAK-ORDAINKETAK/1. KOBRANTZAK BBK/2. ORDAINKETA-GUTUNA/0.PENDIENTES CON DEUDA/CRISTIAN CASTELLON GONZALEZ 2025-26/CRISTIAN ANTONIO CASTELLON GONZALEZ-CARTA DE PAGO POR RECIBOS PENDIENTES COMEDOR CURSO 2025／26.docx: Duplicate object found in source - ignoring
2026/05/23 12:14:29 NOTICE: 3.🍽  APPCC/1. APPCC/01. REG. TRAZABILIDAD-PRODUCCION/0. FOTOS ETIQUETA PRODUCTOS/08. APIRILA/Escaneado_20260428-0904.pdf: Duplicate object found in source - ignoring
2026/05/23 12:14:30 NOTICE: 2.📚 ANTOLAKUNTZARAKO/11. AUSOLAN/BEGIRALEAK/REGISTRO DE TAQUILLAS PERSONAL MONITOR (File responses)/Firma este formulario (File responses)/20211112_114001 - Begiraleak Jantoki.jpg: Duplicate object found in source - ignoring
2026/05/23 12:14:30 NOTICE: 2.📚 ANTOLAKUNTZARAKO/11. AUSOLAN/BEGIRALEAK/REGISTRO DE TAQUILLAS PERSONAL MONITOR (File responses)/Firma este formulario (File responses)/IMG20211112123920 - Begiraleak Jantoki.jpg: Duplicate object found in source - ignoring
2026/05/23 12:14:30 NOTICE: 2.📚 ANTOLAKUNTZARAKO/11. AUSOLAN/BEGIRALEAK/REGISTRO DE TAQUILLAS PERSONAL MONITOR (File responses)/Firma este formulario (File responses)/IMG20211112123920 - Begiraleak Jantoki.jpg: Duplicate object found in source - ignoring
2026/05/23 12:14:30 NOTICE: 2.📚 ANTOLAKUNTZARAKO/11. AUSOLAN/BEGIRALEAK/REGISTRO DE TAQUILLAS PERSONAL MONITOR (File responses)/Firma este formulario (File responses)/IMG_20211112_113950 - Begiraleak Jantoki.jpg: Duplicate object found in source - ignoring
2026/05/23 12:14:30 NOTICE: 2.📚 ANTOLAKUNTZARAKO/11. AUSOLAN/BEGIRALEAK/REGISTRO DE TAQUILLAS PERSONAL MONITOR (File responses)/Firma este formulario (File responses)/IMG_20211112_123910 - Begiraleak Jantoki.jpg: Duplicate object found in source - ignoring
2026/05/23 12:14:30 NOTICE: 2.📚 ANTOLAKUNTZARAKO/11. AUSOLAN/BEGIRALEAK/REGISTRO DE TAQUILLAS PERSONAL MONITOR (File responses)/Firma este formulario (File responses)/IMG_20211112_124038 - Begiraleak Jantoki.jpg: Duplicate object found in source - ignoring
2026/05/23 12:14:30 NOTICE: 2.📚 ANTOLAKUNTZARAKO/11. AUSOLAN/BEGIRALEAK/REGISTRO DE TAQUILLAS PERSONAL MONITOR (File responses)/Firma este formulario (File responses)/IMG_20211112_124038 - Begiraleak Jantoki.jpg: Duplicate object found in source - ignoring
2026/05/23 12:14:30 NOTICE: 2.📚 ANTOLAKUNTZARAKO/11. AUSOLAN/BEGIRALEAK/REGISTRO DE TAQUILLAS PERSONAL MONITOR (File responses)/Firma este formulario (File responses)/Notes_220609_190045_51c - Begiraleak Jantoki.jpg: Duplicate object found in source - ignoring
2026/05/23 12:14:30 NOTICE: 2.📚 ANTOLAKUNTZARAKO/11. AUSOLAN/BEGIRALEAK/REGISTRO DE TAQUILLAS PERSONAL MONITOR (File responses)/Firma este formulario (File responses)/firma - Begiraleak Jantoki.jpg: Duplicate object found in source - ignoring
2026/05/23 12:14:31 NOTICE: 2.📚 ANTOLAKUNTZARAKO/12. BESTE/FORMAKUNTZA/DIGICURRI/2. MODULUA/3. ATAZA/Orientazio-lasterketak hiztegia (respuestas).xlsx: Duplicate object found in source - ignoring
2026/05/23 12:14:36 NOTICE: 2.📚 ANTOLAKUNTZARAKO/4. MENUAK/5. DIETAS PIZARRA DIGITAL COMEDOR/08. APIRILA/PIZARRA COMEDOR.pptx: Duplicate object found in source - ignoring
2026/05/23 12:14:37 NOTICE: 2.📚 ANTOLAKUNTZARAKO/4. MENUAK/5. DIETAS PIZARRA DIGITAL COMEDOR/09. MAIATZA/PIZARRA COMEDOR 202605.pptx: Duplicate object found in source - ignoring
2026/05/23 12:14:41 NOTICE: 3.🍽  APPCC/4. APPCC Rev 03 202223/3. REGISTRO MATERIAS PRIMAS/1. EMATE-AGIRIAK/1. URRIA/Escaneado_ 20221025-0926.pdf: Duplicate object found in source - ignoring
2026/05/23 12:14:43 INFO  : 
Transferred:   	          0 B / 0 B, -, 0 B/s, ETA -
Checks:              3925 / 3925, 100%, Listed 9215
Elapsed time:       1m0.0s

2026/05/23 12:14:46 NOTICE: 3.🍽  APPCC/4. APPCC Rev 03 202223/7. FICHAS TÉCNICAS DE PLATOS/FICHAS DE PLATOS/1. DIETA BASAL/DIETA BASAL 1ER PLATO/Fideuá con verduras: Duplicate object found in source - ignoring
2026/05/23 12:14:48 NOTICE: 3.🍽  APPCC/4. APPCC Rev 03 202223/7. FICHAS TÉCNICAS DE PLATOS/FICHAS DE PLATOS/1. DIETA BASAL/DIETA BASAL 2º PLATO/Salmón al horno con lechuga: Duplicate object found in source - ignoring
2026/05/23 12:14:49 NOTICE: 3.🍽  APPCC/4. APPCC Rev 03 202223/7. FICHAS TÉCNICAS DE PLATOS/FICHAS DE PLATOS/3. DIETAS ESPECIALES/DIETAS ESPECIALES 2º PLATO/Lomo fresco plancha con champiñones: Duplicate object found in source - ignoring
2026/05/23 12:14:49 NOTICE: 3.🍽  APPCC/4. APPCC Rev 03 202223/7. FICHAS TÉCNICAS DE PLATOS/FICHAS DE PLATOS/3. DIETAS ESPECIALES/DIETAS ESPECIALES 2º PLATO/Merluza al horno con zanahorias: Duplicate object found in source - ignoring
2026/05/23 12:14:51 INFO  : There was nothing to transfer
2026/05/23 12:14:51 INFO  : 
Transferred:   	          0 B / 0 B, -, 0 B/s, ETA -
Checks:              4738 / 4738, 100%, Listed 10844
Elapsed time:       1m7.8s

[2026-05-23 12:14:51] Sincronización finalizada.
--------------------------------------------------
[2026-05-23 12:29:42] Iniciando sincronización en espejo...
2026/05/23 12:29:43 NOTICE: Documento sin título.docx: Duplicate object found in source - ignoring
2026/05/23 12:29:43 NOTICE: Documento sin título.docx: Duplicate object found in source - ignoring
2026/05/23 12:29:43 NOTICE: Documento sin título.docx: Duplicate object found in source - ignoring
2026/05/23 12:29:43 NOTICE: REUNI.mp3: Duplicate object found in source - ignoring
2026/05/23 12:29:44 NOTICE: 2.📚 ANTOLAKUNTZARAKO/0. DOKUMENTUAK/REGISTRO ENTRADA MATERIAS PRIMAS PARA COCINA.docx: Duplicate object found in source - ignoring
2026/05/23 12:29:45 NOTICE: 3.🍽  APPCC/1. APPCC/0. MANUAL SISTEMA APPCC/NUEVO MANUAL APPCC 202526.docx: Duplicate object found in source - ignoring
2026/05/23 12:29:46 NOTICE: 2.📚 ANTOLAKUNTZARAKO/4. MENUAK/1. MENU TIPOAK/GOMENDIOAK SCOLAREST MENURAKO.pdf: Duplicate object found in source - ignoring
2026/05/23 12:29:47 NOTICE: 2.📚 ANTOLAKUNTZARAKO/1. IZEN-EMATEA/JANTOKI ZERBITZURAKO IZEN EMATEA      INSCRIPCIÓN  SERVICIO  DE  COMEDOR (File responses)/HIRUGARRENAREN ALTA ／ ALTA DE TERCEROS (matrikula berriak bakarrik edo kontu aldaketak／solo nuevas matrículas o cambios de cuenta) (File responses)/ALTA TERCEROS COMEDOR - burgos zorrilla.pdf: Duplicate object found in source - ignoring
2026/05/23 12:29:47 NOTICE: 2.📚 ANTOLAKUNTZARAKO/1. IZEN-EMATEA/JANTOKI ZERBITZURAKO IZEN EMATEA      INSCRIPCIÓN  SERVICIO  DE  COMEDOR (File responses)/HIRUGARRENAREN ALTA ／ ALTA DE TERCEROS (matrikula berriak bakarrik edo kontu aldaketak／solo nuevas matrículas o cambios de cuenta) (File responses)/comedor IERA - FERNÁNDEZ DELGADO IERA.pdf: Duplicate object found in source - ignoring
2026/05/23 12:29:48 NOTICE: 3.🍽  APPCC/1. APPCC/01. REG. TRAZABILIDAD-PRODUCCION/0. FOTOS ETIQUETA PRODUCTOS/02. URRIA/Escaneado_20251031-1323.pdf: Duplicate object found in source - ignoring
2026/05/23 12:29:50 NOTICE: 3.🍽  APPCC/4. APPCC Rev 03 202223/1. REGISTRO TRAZABILIDAD/FOTOS ETIQUETA PRODUCTOS/2. URRIA/Escaneado_ 20221018-0924.pdf: Duplicate object found in source - ignoring
2026/05/23 12:29:50 NOTICE: 2.📚 ANTOLAKUNTZARAKO/0. DOKUMENTUAK/BIZIKASI/Formación Personal no Docente_BAT.pptx: Duplicate object found in source - ignoring
2026/05/23 12:29:58 NOTICE: 3.🍽  APPCC/4. APPCC Rev 03 202223/14. REGISTRO ENTREGA BPMs/LECTURA DE BPMs Y VIGENCIA DE LA FORMACIÓN (personal monitor) (File responses)/Firma este formulario (File responses)/FIRMA Ana - Begiraleak Jantoki.jpg: Duplicate object found in source - ignoring
2026/05/23 12:30:00 NOTICE: 3.🍽  APPCC/4. APPCC Rev 03 202223/13. REGISTRO DE FORMACIÓN/CERTIFICADOS DE MONITORAS/2022／23/MARIA MONTSERRAT MUNTE DOMENECH/Escaneado_ 20221107-1424.pdf: Duplicate object found in source - ignoring
2026/05/23 12:30:00 NOTICE: 3.🍽  APPCC/4. APPCC Rev 03 202223/13. REGISTRO DE FORMACIÓN/CERTIFICADOS DE MONITORAS/2022／23/MARIA MONTSERRAT MUNTE DOMENECH/Escaneado_ 20221107-1425.pdf: Duplicate object found in source - ignoring
2026/05/23 12:30:03 NOTICE: 2.📚 ANTOLAKUNTZARAKO/16. IKASTURTEKO EBALUAZIOAK/JANTOKIKO TXOSTENAK/TXOSTENA HH／LH/INDICACIONES PARA CUMPLIMENTAR INFORMES DE EVALUACIÓN TRIMESTRAL HH-LH.docx (Converted - 2024-11-27 12:39).docx: Duplicate object found in source - ignoring
2026/05/23 12:30:43 INFO  : 
Transferred:   	          0 B / 0 B, -, 0 B/s, ETA -
Checks:              2004 / 2004, 100%, Listed 5130
Elapsed time:       1m0.0s

2026/05/23 12:30:59 NOTICE: 3.🍽  APPCC/1. APPCC/01. REG. TRAZABILIDAD-PRODUCCION/0. FOTOS ETIQUETA PRODUCTOS/07. MARTXOA/Escaneado_20260313-1255.pdf: Duplicate object found in source - ignoring
2026/05/23 12:30:59 NOTICE: 2.📚 ANTOLAKUNTZARAKO/6. KOBRANTZAK-ORDAINKETAK/1. KOBRANTZAK BBK/2. ORDAINKETA-GUTUNA/0.PENDIENTES CON DEUDA/AMIR QADA/AMIR QADA-ABONADO-CARTA DE PAGO POR RECIBOS PENDIENTES COMEDOR CURSO 2024／25.docx: Duplicate object found in source - ignoring
2026/05/23 12:30:59 NOTICE: 2.📚 ANTOLAKUNTZARAKO/12. BESTE/KONPONKETAK/Fotos panel arcón/20190523_122532.jpg: Duplicate object found in source - ignoring
2026/05/23 12:30:59 NOTICE: 2.📚 ANTOLAKUNTZARAKO/12. BESTE/KONPONKETAK/Fotos panel arcón/20190523_122539.jpg: Duplicate object found in source - ignoring
2026/05/23 12:30:59 NOTICE: 2.📚 ANTOLAKUNTZARAKO/12. BESTE/KONPONKETAK/Fotos panel arcón/20190523_122707.jpg: Duplicate object found in source - ignoring
2026/05/23 12:30:59 NOTICE: 2.📚 ANTOLAKUNTZARAKO/12. BESTE/KONPONKETAK/Fotos panel arcón/20190527_103540.jpg: Duplicate object found in source - ignoring
2026/05/23 12:30:59 NOTICE: 2.📚 ANTOLAKUNTZARAKO/12. BESTE/KONPONKETAK/Fotos panel arcón/20190527_103540.jpg: Duplicate object found in source - ignoring
2026/05/23 12:30:59 NOTICE: 2.📚 ANTOLAKUNTZARAKO/12. BESTE/KONPONKETAK/Fotos panel arcón/20190527_103551.jpg: Duplicate object found in source - ignoring
2026/05/23 12:30:59 NOTICE: 2.📚 ANTOLAKUNTZARAKO/12. BESTE/KONPONKETAK/Fotos panel arcón/20190527_103551.jpg: Duplicate object found in source - ignoring
2026/05/23 12:30:59 NOTICE: 2.📚 ANTOLAKUNTZARAKO/16. IKASTURTEKO EBALUAZIOAK/JANTOKIKO TXOSTENAK/TXOSTENA HH／LH/BAZKALTIAR BAKOITZAREN JANTOKI-TXOSTENA HH／LH/AIARA VARONA MARTINEZ.docx: Duplicate object found in source - ignoring
2026/05/23 12:31:00 NOTICE: 3.🍽  APPCC/1. APPCC/01. REG. TRAZABILIDAD-PRODUCCION/0. FOTOS ETIQUETA PRODUCTOS/08. APIRILA/Escaneado_20260428-0904.pdf: Duplicate object found in source - ignoring
2026/05/23 12:31:00 NOTICE: 2.📚 ANTOLAKUNTZARAKO/11. AUSOLAN/BEGIRALEAK/REGISTRO DE TAQUILLAS PERSONAL MONITOR (File responses)/Firma este formulario (File responses)/20211112_114001 - Begiraleak Jantoki.jpg: Duplicate object found in source - ignoring
2026/05/23 12:31:00 NOTICE: 2.📚 ANTOLAKUNTZARAKO/11. AUSOLAN/BEGIRALEAK/REGISTRO DE TAQUILLAS PERSONAL MONITOR (File responses)/Firma este formulario (File responses)/IMG20211112123920 - Begiraleak Jantoki.jpg: Duplicate object found in source - ignoring
2026/05/23 12:31:00 NOTICE: 2.📚 ANTOLAKUNTZARAKO/11. AUSOLAN/BEGIRALEAK/REGISTRO DE TAQUILLAS PERSONAL MONITOR (File responses)/Firma este formulario (File responses)/IMG20211112123920 - Begiraleak Jantoki.jpg: Duplicate object found in source - ignoring
2026/05/23 12:31:00 NOTICE: 2.📚 ANTOLAKUNTZARAKO/11. AUSOLAN/BEGIRALEAK/REGISTRO DE TAQUILLAS PERSONAL MONITOR (File responses)/Firma este formulario (File responses)/IMG_20211112_113950 - Begiraleak Jantoki.jpg: Duplicate object found in source - ignoring
2026/05/23 12:31:00 NOTICE: 2.📚 ANTOLAKUNTZARAKO/11. AUSOLAN/BEGIRALEAK/REGISTRO DE TAQUILLAS PERSONAL MONITOR (File responses)/Firma este formulario (File responses)/IMG_20211112_123910 - Begiraleak Jantoki.jpg: Duplicate object found in source - ignoring
2026/05/23 12:31:00 NOTICE: 2.📚 ANTOLAKUNTZARAKO/11. AUSOLAN/BEGIRALEAK/REGISTRO DE TAQUILLAS PERSONAL MONITOR (File responses)/Firma este formulario (File responses)/IMG_20211112_124038 - Begiraleak Jantoki.jpg: Duplicate object found in source - ignoring
2026/05/23 12:31:00 NOTICE: 2.📚 ANTOLAKUNTZARAKO/11. AUSOLAN/BEGIRALEAK/REGISTRO DE TAQUILLAS PERSONAL MONITOR (File responses)/Firma este formulario (File responses)/IMG_20211112_124038 - Begiraleak Jantoki.jpg: Duplicate object found in source - ignoring
2026/05/23 12:31:00 NOTICE: 2.📚 ANTOLAKUNTZARAKO/11. AUSOLAN/BEGIRALEAK/REGISTRO DE TAQUILLAS PERSONAL MONITOR (File responses)/Firma este formulario (File responses)/Notes_220609_190045_51c - Begiraleak Jantoki.jpg: Duplicate object found in source - ignoring
2026/05/23 12:31:00 NOTICE: 2.📚 ANTOLAKUNTZARAKO/11. AUSOLAN/BEGIRALEAK/REGISTRO DE TAQUILLAS PERSONAL MONITOR (File responses)/Firma este formulario (File responses)/firma - Begiraleak Jantoki.jpg: Duplicate object found in source - ignoring
2026/05/23 12:31:02 NOTICE: 2.📚 ANTOLAKUNTZARAKO/12. BESTE/FORMAKUNTZA/DIGICURRI/2. MODULUA/3. ATAZA/Orientazio-lasterketak hiztegia (respuestas).xlsx: Duplicate object found in source - ignoring
2026/05/23 12:31:43 INFO  : 
Transferred:   	          0 B / 0 B, -, 0 B/s, ETA -
Checks:              3419 / 3419, 100%, Listed 8055
Elapsed time:       2m0.0s

2026/05/23 12:31:54 NOTICE: 2.📚 ANTOLAKUNTZARAKO/6. KOBRANTZAK-ORDAINKETAK/1. KOBRANTZAK BBK/2. ORDAINKETA-GUTUNA/0.PENDIENTES CON DEUDA/CRISTIAN CASTELLON GONZALEZ 2025-26/CRISTIAN ANTONIO CASTELLON GONZALEZ-CARTA DE PAGO POR RECIBOS PENDIENTES COMEDOR CURSO 2025／26.docx: Duplicate object found in source - ignoring
2026/05/23 12:31:55 NOTICE: 2.📚 ANTOLAKUNTZARAKO/4. MENUAK/5. DIETAS PIZARRA DIGITAL COMEDOR/08. APIRILA/PIZARRA COMEDOR.pptx: Duplicate object found in source - ignoring
2026/05/23 12:31:55 NOTICE: 3.🍽  APPCC/4. APPCC Rev 03 202223/3. REGISTRO MATERIAS PRIMAS/1. EMATE-AGIRIAK/1. URRIA/Escaneado_ 20221025-0926.pdf: Duplicate object found in source - ignoring
2026/05/23 12:31:56 NOTICE: 2.📚 ANTOLAKUNTZARAKO/4. MENUAK/5. DIETAS PIZARRA DIGITAL COMEDOR/09. MAIATZA/PIZARRA COMEDOR 202605.pptx: Duplicate object found in source - ignoring
2026/05/23 12:32:00 NOTICE: 3.🍽  APPCC/4. APPCC Rev 03 202223/7. FICHAS TÉCNICAS DE PLATOS/FICHAS DE PLATOS/1. DIETA BASAL/DIETA BASAL 1ER PLATO/Fideuá con verduras: Duplicate object found in source - ignoring
2026/05/23 12:32:00 NOTICE: 3.🍽  APPCC/4. APPCC Rev 03 202223/7. FICHAS TÉCNICAS DE PLATOS/FICHAS DE PLATOS/1. DIETA BASAL/DIETA BASAL 2º PLATO/Salmón al horno con lechuga: Duplicate object found in source - ignoring
2026/05/23 12:32:03 NOTICE: 3.🍽  APPCC/4. APPCC Rev 03 202223/7. FICHAS TÉCNICAS DE PLATOS/FICHAS DE PLATOS/3. DIETAS ESPECIALES/DIETAS ESPECIALES 2º PLATO/Lomo fresco plancha con champiñones: Duplicate object found in source - ignoring
2026/05/23 12:32:03 NOTICE: 3.🍽  APPCC/4. APPCC Rev 03 202223/7. FICHAS TÉCNICAS DE PLATOS/FICHAS DE PLATOS/3. DIETAS ESPECIALES/DIETAS ESPECIALES 2º PLATO/Merluza al horno con zanahorias: Duplicate object found in source - ignoring
2026/05/23 12:32:16 INFO  : There was nothing to transfer
2026/05/23 12:32:16 INFO  : 
Transferred:   	          0 B / 0 B, -, 0 B/s, ETA -
Checks:              4738 / 4738, 100%, Listed 10844
Elapsed time:      2m32.6s

[2026-05-23 12:32:16] Sincronización finalizada.
--------------------------------------------------
[2026-05-23 12:44:59] Iniciando sincronización en espejo...
2026/05/23 12:45:00 NOTICE: Documento sin título.docx: Duplicate object found in source - ignoring
2026/05/23 12:45:00 NOTICE: Documento sin título.docx: Duplicate object found in source - ignoring
2026/05/23 12:45:00 NOTICE: Documento sin título.docx: Duplicate object found in source - ignoring
2026/05/23 12:45:00 NOTICE: REUNI.mp3: Duplicate object found in source - ignoring
2026/05/23 12:45:53 NOTICE: 3.🍽  APPCC/1. APPCC/0. MANUAL SISTEMA APPCC/NUEVO MANUAL APPCC 202526.docx: Duplicate object found in source - ignoring
2026/05/23 12:45:54 NOTICE: 2.📚 ANTOLAKUNTZARAKO/0. DOKUMENTUAK/REGISTRO ENTRADA MATERIAS PRIMAS PARA COCINA.docx: Duplicate object found in source - ignoring
2026/05/23 12:45:55 NOTICE: 3.🍽  APPCC/1. APPCC/01. REG. TRAZABILIDAD-PRODUCCION/0. FOTOS ETIQUETA PRODUCTOS/02. URRIA/Escaneado_20251031-1323.pdf: Duplicate object found in source - ignoring
2026/05/23 12:46:00 INFO  : 
Transferred:   	          0 B / 0 B, -, 0 B/s, ETA -
Checks:               994 / 994, 100%, Listed 2791
Elapsed time:       1m0.0s

2026/05/23 12:46:02 NOTICE: 3.🍽  APPCC/4. APPCC Rev 03 202223/1. REGISTRO TRAZABILIDAD/FOTOS ETIQUETA PRODUCTOS/2. URRIA/Escaneado_ 20221018-0924.pdf: Duplicate object found in source - ignoring
2026/05/23 12:46:05 NOTICE: 3.🍽  APPCC/1. APPCC/01. REG. TRAZABILIDAD-PRODUCCION/0. FOTOS ETIQUETA PRODUCTOS/07. MARTXOA/Escaneado_20260313-1255.pdf: Duplicate object found in source - ignoring
2026/05/23 12:46:07 NOTICE: 2.📚 ANTOLAKUNTZARAKO/1. IZEN-EMATEA/JANTOKI ZERBITZURAKO IZEN EMATEA      INSCRIPCIÓN  SERVICIO  DE  COMEDOR (File responses)/HIRUGARRENAREN ALTA ／ ALTA DE TERCEROS (matrikula berriak bakarrik edo kontu aldaketak／solo nuevas matrículas o cambios de cuenta) (File responses)/ALTA TERCEROS COMEDOR - burgos zorrilla.pdf: Duplicate object found in source - ignoring
2026/05/23 12:46:07 NOTICE: 2.📚 ANTOLAKUNTZARAKO/1. IZEN-EMATEA/JANTOKI ZERBITZURAKO IZEN EMATEA      INSCRIPCIÓN  SERVICIO  DE  COMEDOR (File responses)/HIRUGARRENAREN ALTA ／ ALTA DE TERCEROS (matrikula berriak bakarrik edo kontu aldaketak／solo nuevas matrículas o cambios de cuenta) (File responses)/comedor IERA - FERNÁNDEZ DELGADO IERA.pdf: Duplicate object found in source - ignoring
2026/05/23 12:46:12 NOTICE: 3.🍽  APPCC/1. APPCC/01. REG. TRAZABILIDAD-PRODUCCION/0. FOTOS ETIQUETA PRODUCTOS/08. APIRILA/Escaneado_20260428-0904.pdf: Duplicate object found in source - ignoring
2026/05/23 12:46:18 NOTICE: 2.📚 ANTOLAKUNTZARAKO/0. DOKUMENTUAK/BIZIKASI/Formación Personal no Docente_BAT.pptx: Duplicate object found in source - ignoring
2026/05/23 12:46:39 NOTICE: 3.🍽  APPCC/4. APPCC Rev 03 202223/14. REGISTRO ENTREGA BPMs/LECTURA DE BPMs Y VIGENCIA DE LA FORMACIÓN (personal monitor) (File responses)/Firma este formulario (File responses)/FIRMA Ana - Begiraleak Jantoki.jpg: Duplicate object found in source - ignoring
2026/05/23 12:46:39 NOTICE: 3.🍽  APPCC/4. APPCC Rev 03 202223/13. REGISTRO DE FORMACIÓN/CERTIFICADOS DE MONITORAS/2022／23/MARIA MONTSERRAT MUNTE DOMENECH/Escaneado_ 20221107-1424.pdf: Duplicate object found in source - ignoring
2026/05/23 12:46:39 NOTICE: 3.🍽  APPCC/4. APPCC Rev 03 202223/13. REGISTRO DE FORMACIÓN/CERTIFICADOS DE MONITORAS/2022／23/MARIA MONTSERRAT MUNTE DOMENECH/Escaneado_ 20221107-1425.pdf: Duplicate object found in source - ignoring
2026/05/23 12:46:43 NOTICE: 2.📚 ANTOLAKUNTZARAKO/4. MENUAK/1. MENU TIPOAK/GOMENDIOAK SCOLAREST MENURAKO.pdf: Duplicate object found in source - ignoring
2026/05/23 12:46:46 NOTICE: 2.📚 ANTOLAKUNTZARAKO/12. BESTE/KONPONKETAK/Fotos panel arcón/20190523_122532.jpg: Duplicate object found in source - ignoring
2026/05/23 12:46:46 NOTICE: 2.📚 ANTOLAKUNTZARAKO/12. BESTE/KONPONKETAK/Fotos panel arcón/20190523_122539.jpg: Duplicate object found in source - ignoring
2026/05/23 12:46:46 NOTICE: 2.📚 ANTOLAKUNTZARAKO/12. BESTE/KONPONKETAK/Fotos panel arcón/20190523_122707.jpg: Duplicate object found in source - ignoring
2026/05/23 12:46:46 NOTICE: 2.📚 ANTOLAKUNTZARAKO/12. BESTE/KONPONKETAK/Fotos panel arcón/20190527_103540.jpg: Duplicate object found in source - ignoring
2026/05/23 12:46:46 NOTICE: 2.📚 ANTOLAKUNTZARAKO/12. BESTE/KONPONKETAK/Fotos panel arcón/20190527_103540.jpg: Duplicate object found in source - ignoring
2026/05/23 12:46:46 NOTICE: 2.📚 ANTOLAKUNTZARAKO/12. BESTE/KONPONKETAK/Fotos panel arcón/20190527_103551.jpg: Duplicate object found in source - ignoring
2026/05/23 12:46:46 NOTICE: 2.📚 ANTOLAKUNTZARAKO/12. BESTE/KONPONKETAK/Fotos panel arcón/20190527_103551.jpg: Duplicate object found in source - ignoring
2026/05/23 12:46:46 NOTICE: 2.📚 ANTOLAKUNTZARAKO/11. AUSOLAN/BEGIRALEAK/REGISTRO DE TAQUILLAS PERSONAL MONITOR (File responses)/Firma este formulario (File responses)/20211112_114001 - Begiraleak Jantoki.jpg: Duplicate object found in source - ignoring
2026/05/23 12:46:46 NOTICE: 2.📚 ANTOLAKUNTZARAKO/11. AUSOLAN/BEGIRALEAK/REGISTRO DE TAQUILLAS PERSONAL MONITOR (File responses)/Firma este formulario (File responses)/IMG20211112123920 - Begiraleak Jantoki.jpg: Duplicate object found in source - ignoring
2026/05/23 12:46:46 NOTICE: 2.📚 ANTOLAKUNTZARAKO/11. AUSOLAN/BEGIRALEAK/REGISTRO DE TAQUILLAS PERSONAL MONITOR (File responses)/Firma este formulario (File responses)/IMG20211112123920 - Begiraleak Jantoki.jpg: Duplicate object found in source - ignoring
2026/05/23 12:46:46 NOTICE: 2.📚 ANTOLAKUNTZARAKO/11. AUSOLAN/BEGIRALEAK/REGISTRO DE TAQUILLAS PERSONAL MONITOR (File responses)/Firma este formulario (File responses)/IMG_20211112_113950 - Begiraleak Jantoki.jpg: Duplicate object found in source - ignoring
2026/05/23 12:46:46 NOTICE: 2.📚 ANTOLAKUNTZARAKO/11. AUSOLAN/BEGIRALEAK/REGISTRO DE TAQUILLAS PERSONAL MONITOR (File responses)/Firma este formulario (File responses)/IMG_20211112_123910 - Begiraleak Jantoki.jpg: Duplicate object found in source - ignoring
2026/05/23 12:46:46 NOTICE: 2.📚 ANTOLAKUNTZARAKO/11. AUSOLAN/BEGIRALEAK/REGISTRO DE TAQUILLAS PERSONAL MONITOR (File responses)/Firma este formulario (File responses)/IMG_20211112_124038 - Begiraleak Jantoki.jpg: Duplicate object found in source - ignoring
2026/05/23 12:46:46 NOTICE: 2.📚 ANTOLAKUNTZARAKO/11. AUSOLAN/BEGIRALEAK/REGISTRO DE TAQUILLAS PERSONAL MONITOR (File responses)/Firma este formulario (File responses)/IMG_20211112_124038 - Begiraleak Jantoki.jpg: Duplicate object found in source - ignoring
2026/05/23 12:46:46 NOTICE: 2.📚 ANTOLAKUNTZARAKO/11. AUSOLAN/BEGIRALEAK/REGISTRO DE TAQUILLAS PERSONAL MONITOR (File responses)/Firma este formulario (File responses)/Notes_220609_190045_51c - Begiraleak Jantoki.jpg: Duplicate object found in source - ignoring
2026/05/23 12:46:46 NOTICE: 2.📚 ANTOLAKUNTZARAKO/11. AUSOLAN/BEGIRALEAK/REGISTRO DE TAQUILLAS PERSONAL MONITOR (File responses)/Firma este formulario (File responses)/firma - Begiraleak Jantoki.jpg: Duplicate object found in source - ignoring
2026/05/23 12:46:48 NOTICE: 2.📚 ANTOLAKUNTZARAKO/16. IKASTURTEKO EBALUAZIOAK/JANTOKIKO TXOSTENAK/TXOSTENA HH／LH/INDICACIONES PARA CUMPLIMENTAR INFORMES DE EVALUACIÓN TRIMESTRAL HH-LH.docx (Converted - 2024-11-27 12:39).docx: Duplicate object found in source - ignoring
2026/05/23 12:46:48 NOTICE: 2.📚 ANTOLAKUNTZARAKO/12. BESTE/FORMAKUNTZA/DIGICURRI/2. MODULUA/3. ATAZA/Orientazio-lasterketak hiztegia (respuestas).xlsx: Duplicate object found in source - ignoring
2026/05/23 12:46:52 NOTICE: 3.🍽  APPCC/4. APPCC Rev 03 202223/3. REGISTRO MATERIAS PRIMAS/1. EMATE-AGIRIAK/1. URRIA/Escaneado_ 20221025-0926.pdf: Duplicate object found in source - ignoring
2026/05/23 12:46:53 NOTICE: 2.📚 ANTOLAKUNTZARAKO/16. IKASTURTEKO EBALUAZIOAK/JANTOKIKO TXOSTENAK/TXOSTENA HH／LH/BAZKALTIAR BAKOITZAREN JANTOKI-TXOSTENA HH／LH/AIARA VARONA MARTINEZ.docx: Duplicate object found in source - ignoring
2026/05/23 12:46:56 NOTICE: 2.📚 ANTOLAKUNTZARAKO/6. KOBRANTZAK-ORDAINKETAK/1. KOBRANTZAK BBK/2. ORDAINKETA-GUTUNA/0.PENDIENTES CON DEUDA/AMIR QADA/AMIR QADA-ABONADO-CARTA DE PAGO POR RECIBOS PENDIENTES COMEDOR CURSO 2024／25.docx: Duplicate object found in source - ignoring
2026/05/23 12:47:00 INFO  : 
Transferred:   	          0 B / 0 B, -, 0 B/s, ETA -
Checks:              3763 / 3763, 100%, Listed 8937
Elapsed time:       2m0.0s

2026/05/23 12:47:00 NOTICE: 2.📚 ANTOLAKUNTZARAKO/6. KOBRANTZAK-ORDAINKETAK/1. KOBRANTZAK BBK/2. ORDAINKETA-GUTUNA/0.PENDIENTES CON DEUDA/CRISTIAN CASTELLON GONZALEZ 2025-26/CRISTIAN ANTONIO CASTELLON GONZALEZ-CARTA DE PAGO POR RECIBOS PENDIENTES COMEDOR CURSO 2025／26.docx: Duplicate object found in source - ignoring
2026/05/23 12:47:23 NOTICE: 3.🍽  APPCC/4. APPCC Rev 03 202223/7. FICHAS TÉCNICAS DE PLATOS/FICHAS DE PLATOS/1. DIETA BASAL/DIETA BASAL 1ER PLATO/Fideuá con verduras: Duplicate object found in source - ignoring
2026/05/23 12:47:35 NOTICE: 3.🍽  APPCC/4. APPCC Rev 03 202223/7. FICHAS TÉCNICAS DE PLATOS/FICHAS DE PLATOS/1. DIETA BASAL/DIETA BASAL 2º PLATO/Salmón al horno con lechuga: Duplicate object found in source - ignoring
2026/05/23 12:47:36 NOTICE: 2.📚 ANTOLAKUNTZARAKO/4. MENUAK/5. DIETAS PIZARRA DIGITAL COMEDOR/08. APIRILA/PIZARRA COMEDOR.pptx: Duplicate object found in source - ignoring
2026/05/23 12:47:36 NOTICE: 3.🍽  APPCC/4. APPCC Rev 03 202223/7. FICHAS TÉCNICAS DE PLATOS/FICHAS DE PLATOS/3. DIETAS ESPECIALES/DIETAS ESPECIALES 2º PLATO/Lomo fresco plancha con champiñones: Duplicate object found in source - ignoring
2026/05/23 12:47:36 NOTICE: 3.🍽  APPCC/4. APPCC Rev 03 202223/7. FICHAS TÉCNICAS DE PLATOS/FICHAS DE PLATOS/3. DIETAS ESPECIALES/DIETAS ESPECIALES 2º PLATO/Merluza al horno con zanahorias: Duplicate object found in source - ignoring
2026/05/23 12:47:36 NOTICE: 2.📚 ANTOLAKUNTZARAKO/4. MENUAK/5. DIETAS PIZARRA DIGITAL COMEDOR/09. MAIATZA/PIZARRA COMEDOR 202605.pptx: Duplicate object found in source - ignoring
2026/05/23 12:47:38 INFO  : There was nothing to transfer
2026/05/23 12:47:38 INFO  : 
Transferred:   	          0 B / 0 B, -, 0 B/s, ETA -
Checks:              4738 / 4738, 100%, Listed 10844
Elapsed time:      2m38.9s

[2026-05-23 12:47:38] Sincronización finalizada.
--------------------------------------------------
[2026-05-23 13:00:42] Iniciando sincronización en espejo...
2026/05/23 13:00:43 NOTICE: Documento sin título.docx: Duplicate object found in source - ignoring
2026/05/23 13:00:43 NOTICE: Documento sin título.docx: Duplicate object found in source - ignoring
2026/05/23 13:00:43 NOTICE: Documento sin título.docx: Duplicate object found in source - ignoring
2026/05/23 13:00:43 NOTICE: REUNI.mp3: Duplicate object found in source - ignoring
2026/05/23 13:00:44 NOTICE: 2.📚 ANTOLAKUNTZARAKO/0. DOKUMENTUAK/REGISTRO ENTRADA MATERIAS PRIMAS PARA COCINA.docx: Duplicate object found in source - ignoring
2026/05/23 13:00:45 NOTICE: 3.🍽  APPCC/1. APPCC/0. MANUAL SISTEMA APPCC/NUEVO MANUAL APPCC 202526.docx: Duplicate object found in source - ignoring
2026/05/23 13:00:46 NOTICE: 2.📚 ANTOLAKUNTZARAKO/4. MENUAK/1. MENU TIPOAK/GOMENDIOAK SCOLAREST MENURAKO.pdf: Duplicate object found in source - ignoring
2026/05/23 13:00:47 NOTICE: 2.📚 ANTOLAKUNTZARAKO/1. IZEN-EMATEA/JANTOKI ZERBITZURAKO IZEN EMATEA      INSCRIPCIÓN  SERVICIO  DE  COMEDOR (File responses)/HIRUGARRENAREN ALTA ／ ALTA DE TERCEROS (matrikula berriak bakarrik edo kontu aldaketak／solo nuevas matrículas o cambios de cuenta) (File responses)/ALTA TERCEROS COMEDOR - burgos zorrilla.pdf: Duplicate object found in source - ignoring
2026/05/23 13:00:47 NOTICE: 2.📚 ANTOLAKUNTZARAKO/1. IZEN-EMATEA/JANTOKI ZERBITZURAKO IZEN EMATEA      INSCRIPCIÓN  SERVICIO  DE  COMEDOR (File responses)/HIRUGARRENAREN ALTA ／ ALTA DE TERCEROS (matrikula berriak bakarrik edo kontu aldaketak／solo nuevas matrículas o cambios de cuenta) (File responses)/comedor IERA - FERNÁNDEZ DELGADO IERA.pdf: Duplicate object found in source - ignoring
2026/05/23 13:00:49 NOTICE: 3.🍽  APPCC/1. APPCC/01. REG. TRAZABILIDAD-PRODUCCION/0. FOTOS ETIQUETA PRODUCTOS/02. URRIA/Escaneado_20251031-1323.pdf: Duplicate object found in source - ignoring
2026/05/23 13:00:49 NOTICE: 2.📚 ANTOLAKUNTZARAKO/0. DOKUMENTUAK/BIZIKASI/Formación Personal no Docente_BAT.pptx: Duplicate object found in source - ignoring
2026/05/23 13:00:51 NOTICE: 3.🍽  APPCC/4. APPCC Rev 03 202223/1. REGISTRO TRAZABILIDAD/FOTOS ETIQUETA PRODUCTOS/2. URRIA/Escaneado_ 20221018-0924.pdf: Duplicate object found in source - ignoring
2026/05/23 13:00:52 INFO  : 2.📚 ANTOLAKUNTZARAKO/4. MENUAK/4. PICNIC/EXCURSIONES CON PICNIC 2025-26.docx: Copied (Rcat, replaced existing)
2026/05/23 13:01:21 NOTICE: 2.📚 ANTOLAKUNTZARAKO/16. IKASTURTEKO EBALUAZIOAK/JANTOKIKO TXOSTENAK/TXOSTENA HH／LH/INDICACIONES PARA CUMPLIMENTAR INFORMES DE EVALUACIÓN TRIMESTRAL HH-LH.docx (Converted - 2024-11-27 12:39).docx: Duplicate object found in source - ignoring
2026/05/23 13:01:26 NOTICE: 3.🍽  APPCC/4. APPCC Rev 03 202223/14. REGISTRO ENTREGA BPMs/LECTURA DE BPMs Y VIGENCIA DE LA FORMACIÓN (personal monitor) (File responses)/Firma este formulario (File responses)/FIRMA Ana - Begiraleak Jantoki.jpg: Duplicate object found in source - ignoring
2026/05/23 13:01:40 NOTICE: 2.📚 ANTOLAKUNTZARAKO/16. IKASTURTEKO EBALUAZIOAK/JANTOKIKO TXOSTENAK/TXOSTENA HH／LH/BAZKALTIAR BAKOITZAREN JANTOKI-TXOSTENA HH／LH/AIARA VARONA MARTINEZ.docx: Duplicate object found in source - ignoring
2026/05/23 13:01:42 NOTICE: 2.📚 ANTOLAKUNTZARAKO/12. BESTE/KONPONKETAK/Fotos panel arcón/20190523_122532.jpg: Duplicate object found in source - ignoring
2026/05/23 13:01:42 NOTICE: 2.📚 ANTOLAKUNTZARAKO/12. BESTE/KONPONKETAK/Fotos panel arcón/20190523_122539.jpg: Duplicate object found in source - ignoring
2026/05/23 13:01:42 NOTICE: 2.📚 ANTOLAKUNTZARAKO/12. BESTE/KONPONKETAK/Fotos panel arcón/20190523_122707.jpg: Duplicate object found in source - ignoring
2026/05/23 13:01:42 NOTICE: 2.📚 ANTOLAKUNTZARAKO/12. BESTE/KONPONKETAK/Fotos panel arcón/20190527_103540.jpg: Duplicate object found in source - ignoring
2026/05/23 13:01:42 NOTICE: 2.📚 ANTOLAKUNTZARAKO/12. BESTE/KONPONKETAK/Fotos panel arcón/20190527_103540.jpg: Duplicate object found in source - ignoring
2026/05/23 13:01:42 NOTICE: 2.📚 ANTOLAKUNTZARAKO/12. BESTE/KONPONKETAK/Fotos panel arcón/20190527_103551.jpg: Duplicate object found in source - ignoring
2026/05/23 13:01:42 NOTICE: 2.📚 ANTOLAKUNTZARAKO/12. BESTE/KONPONKETAK/Fotos panel arcón/20190527_103551.jpg: Duplicate object found in source - ignoring
2026/05/23 13:01:43 INFO  : 
Transferred:   	  141.071 KiB / 141.071 KiB, 100%, 0 B/s, ETA -
Checks:              2295 / 2295, 100%, Listed 5675
Transferred:            2 / 2, 100%
Elapsed time:       1m0.0s

2026/05/23 13:01:43 NOTICE: 2.📚 ANTOLAKUNTZARAKO/6. KOBRANTZAK-ORDAINKETAK/1. KOBRANTZAK BBK/2. ORDAINKETA-GUTUNA/0.PENDIENTES CON DEUDA/AMIR QADA/AMIR QADA-ABONADO-CARTA DE PAGO POR RECIBOS PENDIENTES COMEDOR CURSO 2024／25.docx: Duplicate object found in source - ignoring
2026/05/23 13:01:44 NOTICE: 3.🍽  APPCC/4. APPCC Rev 03 202223/13. REGISTRO DE FORMACIÓN/CERTIFICADOS DE MONITORAS/2022／23/MARIA MONTSERRAT MUNTE DOMENECH/Escaneado_ 20221107-1424.pdf: Duplicate object found in source - ignoring
2026/05/23 13:01:44 NOTICE: 3.🍽  APPCC/4. APPCC Rev 03 202223/13. REGISTRO DE FORMACIÓN/CERTIFICADOS DE MONITORAS/2022／23/MARIA MONTSERRAT MUNTE DOMENECH/Escaneado_ 20221107-1425.pdf: Duplicate object found in source - ignoring
2026/05/23 13:01:47 NOTICE: 3.🍽  APPCC/1. APPCC/01. REG. TRAZABILIDAD-PRODUCCION/0. FOTOS ETIQUETA PRODUCTOS/07. MARTXOA/Escaneado_20260313-1255.pdf: Duplicate object found in source - ignoring
2026/05/23 13:01:49 NOTICE: 2.📚 ANTOLAKUNTZARAKO/11. AUSOLAN/BEGIRALEAK/REGISTRO DE TAQUILLAS PERSONAL MONITOR (File responses)/Firma este formulario (File responses)/20211112_114001 - Begiraleak Jantoki.jpg: Duplicate object found in source - ignoring
2026/05/23 13:01:49 NOTICE: 2.📚 ANTOLAKUNTZARAKO/11. AUSOLAN/BEGIRALEAK/REGISTRO DE TAQUILLAS PERSONAL MONITOR (File responses)/Firma este formulario (File responses)/IMG20211112123920 - Begiraleak Jantoki.jpg: Duplicate object found in source - ignoring
2026/05/23 13:01:49 NOTICE: 2.📚 ANTOLAKUNTZARAKO/11. AUSOLAN/BEGIRALEAK/REGISTRO DE TAQUILLAS PERSONAL MONITOR (File responses)/Firma este formulario (File responses)/IMG20211112123920 - Begiraleak Jantoki.jpg: Duplicate object found in source - ignoring
2026/05/23 13:01:49 NOTICE: 2.📚 ANTOLAKUNTZARAKO/11. AUSOLAN/BEGIRALEAK/REGISTRO DE TAQUILLAS PERSONAL MONITOR (File responses)/Firma este formulario (File responses)/IMG_20211112_113950 - Begiraleak Jantoki.jpg: Duplicate object found in source - ignoring
2026/05/23 13:01:49 NOTICE: 2.📚 ANTOLAKUNTZARAKO/11. AUSOLAN/BEGIRALEAK/REGISTRO DE TAQUILLAS PERSONAL MONITOR (File responses)/Firma este formulario (File responses)/IMG_20211112_123910 - Begiraleak Jantoki.jpg: Duplicate object found in source - ignoring
2026/05/23 13:01:49 NOTICE: 2.📚 ANTOLAKUNTZARAKO/11. AUSOLAN/BEGIRALEAK/REGISTRO DE TAQUILLAS PERSONAL MONITOR (File responses)/Firma este formulario (File responses)/IMG_20211112_124038 - Begiraleak Jantoki.jpg: Duplicate object found in source - ignoring
2026/05/23 13:01:49 NOTICE: 2.📚 ANTOLAKUNTZARAKO/11. AUSOLAN/BEGIRALEAK/REGISTRO DE TAQUILLAS PERSONAL MONITOR (File responses)/Firma este formulario (File responses)/IMG_20211112_124038 - Begiraleak Jantoki.jpg: Duplicate object found in source - ignoring
2026/05/23 13:01:49 NOTICE: 2.📚 ANTOLAKUNTZARAKO/11. AUSOLAN/BEGIRALEAK/REGISTRO DE TAQUILLAS PERSONAL MONITOR (File responses)/Firma este formulario (File responses)/Notes_220609_190045_51c - Begiraleak Jantoki.jpg: Duplicate object found in source - ignoring
2026/05/23 13:01:49 NOTICE: 2.📚 ANTOLAKUNTZARAKO/11. AUSOLAN/BEGIRALEAK/REGISTRO DE TAQUILLAS PERSONAL MONITOR (File responses)/Firma este formulario (File responses)/firma - Begiraleak Jantoki.jpg: Duplicate object found in source - ignoring
2026/05/23 13:01:49 NOTICE: 3.🍽  APPCC/1. APPCC/01. REG. TRAZABILIDAD-PRODUCCION/0. FOTOS ETIQUETA PRODUCTOS/08. APIRILA/Escaneado_20260428-0904.pdf: Duplicate object found in source - ignoring
2026/05/23 13:01:49 NOTICE: 2.📚 ANTOLAKUNTZARAKO/6. KOBRANTZAK-ORDAINKETAK/1. KOBRANTZAK BBK/2. ORDAINKETA-GUTUNA/0.PENDIENTES CON DEUDA/CRISTIAN CASTELLON GONZALEZ 2025-26/CRISTIAN ANTONIO CASTELLON GONZALEZ-CARTA DE PAGO POR RECIBOS PENDIENTES COMEDOR CURSO 2025／26.docx: Duplicate object found in source - ignoring
2026/05/23 13:01:49 NOTICE: 2.📚 ANTOLAKUNTZARAKO/12. BESTE/FORMAKUNTZA/DIGICURRI/2. MODULUA/3. ATAZA/Orientazio-lasterketak hiztegia (respuestas).xlsx: Duplicate object found in source - ignoring
2026/05/23 13:01:55 NOTICE: 2.📚 ANTOLAKUNTZARAKO/4. MENUAK/5. DIETAS PIZARRA DIGITAL COMEDOR/08. APIRILA/PIZARRA COMEDOR.pptx: Duplicate object found in source - ignoring
2026/05/23 13:01:57 NOTICE: 2.📚 ANTOLAKUNTZARAKO/4. MENUAK/5. DIETAS PIZARRA DIGITAL COMEDOR/09. MAIATZA/PIZARRA COMEDOR 202605.pptx: Duplicate object found in source - ignoring
2026/05/23 13:01:59 NOTICE: 3.🍽  APPCC/4. APPCC Rev 03 202223/3. REGISTRO MATERIAS PRIMAS/1. EMATE-AGIRIAK/1. URRIA/Escaneado_ 20221025-0926.pdf: Duplicate object found in source - ignoring
2026/05/23 13:02:29 NOTICE: 3.🍽  APPCC/4. APPCC Rev 03 202223/7. FICHAS TÉCNICAS DE PLATOS/FICHAS DE PLATOS/1. DIETA BASAL/DIETA BASAL 1ER PLATO/Fideuá con verduras: Duplicate object found in source - ignoring
2026/05/23 13:02:29 NOTICE: 3.🍽  APPCC/4. APPCC Rev 03 202223/7. FICHAS TÉCNICAS DE PLATOS/FICHAS DE PLATOS/1. DIETA BASAL/DIETA BASAL 2º PLATO/Salmón al horno con lechuga: Duplicate object found in source - ignoring
2026/05/23 13:02:30 NOTICE: 3.🍽  APPCC/4. APPCC Rev 03 202223/7. FICHAS TÉCNICAS DE PLATOS/FICHAS DE PLATOS/3. DIETAS ESPECIALES/DIETAS ESPECIALES 2º PLATO/Lomo fresco plancha con champiñones: Duplicate object found in source - ignoring
2026/05/23 13:02:30 NOTICE: 3.🍽  APPCC/4. APPCC Rev 03 202223/7. FICHAS TÉCNICAS DE PLATOS/FICHAS DE PLATOS/3. DIETAS ESPECIALES/DIETAS ESPECIALES 2º PLATO/Merluza al horno con zanahorias: Duplicate object found in source - ignoring
2026/05/23 13:02:32 INFO  : 2.📚 ANTOLAKUNTZARAKO/4. MENUAK/4. PICNIC: Set directory modification time (using SetModTime)
2026/05/23 13:02:32 INFO  : 2.📚 ANTOLAKUNTZARAKO/4. MENUAK: Set directory modification time (using SetModTime)
2026/05/23 13:02:32 INFO  : 2.📚 ANTOLAKUNTZARAKO: Set directory modification time (using SetModTime)
2026/05/23 13:02:32 INFO  : 
Transferred:   	  141.071 KiB / 141.071 KiB, 100%, 0 B/s, ETA -
Checks:              4738 / 4738, 100%, Listed 10844
Transferred:            2 / 2, 100%
Elapsed time:      1m49.2s

[2026-05-23 13:02:32] Sincronización finalizada.
--------------------------------------------------
[2026-05-23 13:16:42] Iniciando sincronización en espejo...
2026/05/23 13:16:43 NOTICE: Documento sin título.docx: Duplicate object found in source - ignoring
2026/05/23 13:16:43 NOTICE: Documento sin título.docx: Duplicate object found in source - ignoring
2026/05/23 13:16:43 NOTICE: Documento sin título.docx: Duplicate object found in source - ignoring
2026/05/23 13:16:43 NOTICE: REUNI.mp3: Duplicate object found in source - ignoring
2026/05/23 13:16:44 NOTICE: 2.📚 ANTOLAKUNTZARAKO/0. DOKUMENTUAK/REGISTRO ENTRADA MATERIAS PRIMAS PARA COCINA.docx: Duplicate object found in source - ignoring
2026/05/23 13:16:45 NOTICE: 2.📚 ANTOLAKUNTZARAKO/4. MENUAK/1. MENU TIPOAK/GOMENDIOAK SCOLAREST MENURAKO.pdf: Duplicate object found in source - ignoring
2026/05/23 13:16:45 NOTICE: 3.🍽  APPCC/1. APPCC/0. MANUAL SISTEMA APPCC/NUEVO MANUAL APPCC 202526.docx: Duplicate object found in source - ignoring
2026/05/23 13:16:47 NOTICE: 2.📚 ANTOLAKUNTZARAKO/1. IZEN-EMATEA/JANTOKI ZERBITZURAKO IZEN EMATEA      INSCRIPCIÓN  SERVICIO  DE  COMEDOR (File responses)/HIRUGARRENAREN ALTA ／ ALTA DE TERCEROS (matrikula berriak bakarrik edo kontu aldaketak／solo nuevas matrículas o cambios de cuenta) (File responses)/ALTA TERCEROS COMEDOR - burgos zorrilla.pdf: Duplicate object found in source - ignoring
2026/05/23 13:16:47 NOTICE: 2.📚 ANTOLAKUNTZARAKO/1. IZEN-EMATEA/JANTOKI ZERBITZURAKO IZEN EMATEA      INSCRIPCIÓN  SERVICIO  DE  COMEDOR (File responses)/HIRUGARRENAREN ALTA ／ ALTA DE TERCEROS (matrikula berriak bakarrik edo kontu aldaketak／solo nuevas matrículas o cambios de cuenta) (File responses)/comedor IERA - FERNÁNDEZ DELGADO IERA.pdf: Duplicate object found in source - ignoring
2026/05/23 13:16:48 NOTICE: 2.📚 ANTOLAKUNTZARAKO/0. DOKUMENTUAK/BIZIKASI/Formación Personal no Docente_BAT.pptx: Duplicate object found in source - ignoring
2026/05/23 13:16:48 INFO  : 2.📚 ANTOLAKUNTZARAKO/4. MENUAK/4. PICNIC/EXCURSIONES CON PICNIC 2025-26.docx: Copied (Rcat, replaced existing)
2026/05/23 13:16:53 NOTICE: 3.🍽  APPCC/1. APPCC/01. REG. TRAZABILIDAD-PRODUCCION/0. FOTOS ETIQUETA PRODUCTOS/02. URRIA/Escaneado_20251031-1323.pdf: Duplicate object found in source - ignoring
2026/05/23 13:16:54 NOTICE: 2.📚 ANTOLAKUNTZARAKO/6. KOBRANTZAK-ORDAINKETAK/1. KOBRANTZAK BBK/2. ORDAINKETA-GUTUNA/0.PENDIENTES CON DEUDA/AMIR QADA/AMIR QADA-ABONADO-CARTA DE PAGO POR RECIBOS PENDIENTES COMEDOR CURSO 2024／25.docx: Duplicate object found in source - ignoring
2026/05/23 13:16:57 NOTICE: 2.📚 ANTOLAKUNTZARAKO/16. IKASTURTEKO EBALUAZIOAK/JANTOKIKO TXOSTENAK/TXOSTENA HH／LH/INDICACIONES PARA CUMPLIMENTAR INFORMES DE EVALUACIÓN TRIMESTRAL HH-LH.docx (Converted - 2024-11-27 12:39).docx: Duplicate object found in source - ignoring
2026/05/23 13:17:01 NOTICE: 2.📚 ANTOLAKUNTZARAKO/12. BESTE/KONPONKETAK/Fotos panel arcón/20190523_122532.jpg: Duplicate object found in source - ignoring
2026/05/23 13:17:01 NOTICE: 2.📚 ANTOLAKUNTZARAKO/12. BESTE/KONPONKETAK/Fotos panel arcón/20190523_122539.jpg: Duplicate object found in source - ignoring
2026/05/23 13:17:01 NOTICE: 2.📚 ANTOLAKUNTZARAKO/12. BESTE/KONPONKETAK/Fotos panel arcón/20190523_122707.jpg: Duplicate object found in source - ignoring
2026/05/23 13:17:01 NOTICE: 2.📚 ANTOLAKUNTZARAKO/12. BESTE/KONPONKETAK/Fotos panel arcón/20190527_103540.jpg: Duplicate object found in source - ignoring
2026/05/23 13:17:01 NOTICE: 2.📚 ANTOLAKUNTZARAKO/12. BESTE/KONPONKETAK/Fotos panel arcón/20190527_103540.jpg: Duplicate object found in source - ignoring
2026/05/23 13:17:01 NOTICE: 2.📚 ANTOLAKUNTZARAKO/12. BESTE/KONPONKETAK/Fotos panel arcón/20190527_103551.jpg: Duplicate object found in source - ignoring
2026/05/23 13:17:01 NOTICE: 2.📚 ANTOLAKUNTZARAKO/12. BESTE/KONPONKETAK/Fotos panel arcón/20190527_103551.jpg: Duplicate object found in source - ignoring
2026/05/23 13:17:01 NOTICE: 2.📚 ANTOLAKUNTZARAKO/6. KOBRANTZAK-ORDAINKETAK/1. KOBRANTZAK BBK/2. ORDAINKETA-GUTUNA/0.PENDIENTES CON DEUDA/CRISTIAN CASTELLON GONZALEZ 2025-26/CRISTIAN ANTONIO CASTELLON GONZALEZ-CARTA DE PAGO POR RECIBOS PENDIENTES COMEDOR CURSO 2025／26.docx: Duplicate object found in source - ignoring
2026/05/23 13:17:03 NOTICE: 3.🍽  APPCC/4. APPCC Rev 03 202223/1. REGISTRO TRAZABILIDAD/FOTOS ETIQUETA PRODUCTOS/2. URRIA/Escaneado_ 20221018-0924.pdf: Duplicate object found in source - ignoring
2026/05/23 13:17:03 NOTICE: 2.📚 ANTOLAKUNTZARAKO/16. IKASTURTEKO EBALUAZIOAK/JANTOKIKO TXOSTENAK/TXOSTENA HH／LH/BAZKALTIAR BAKOITZAREN JANTOKI-TXOSTENA HH／LH/AIARA VARONA MARTINEZ.docx: Duplicate object found in source - ignoring
2026/05/23 13:17:43 INFO  : 
Transferred:   	  141.086 KiB / 141.086 KiB, 100%, 0 B/s, ETA -
Checks:              2594 / 2594, 100%, Listed 6287
Transferred:            2 / 2, 100%
Elapsed time:       1m0.0s

2026/05/23 13:17:57 NOTICE: 2.📚 ANTOLAKUNTZARAKO/12. BESTE/FORMAKUNTZA/DIGICURRI/2. MODULUA/3. ATAZA/Orientazio-lasterketak hiztegia (respuestas).xlsx: Duplicate object found in source - ignoring
2026/05/23 13:17:59 NOTICE: 3.🍽  APPCC/1. APPCC/01. REG. TRAZABILIDAD-PRODUCCION/0. FOTOS ETIQUETA PRODUCTOS/07. MARTXOA/Escaneado_20260313-1255.pdf: Duplicate object found in source - ignoring
2026/05/23 13:17:59 NOTICE: 2.📚 ANTOLAKUNTZARAKO/11. AUSOLAN/BEGIRALEAK/REGISTRO DE TAQUILLAS PERSONAL MONITOR (File responses)/Firma este formulario (File responses)/20211112_114001 - Begiraleak Jantoki.jpg: Duplicate object found in source - ignoring
2026/05/23 13:17:59 NOTICE: 2.📚 ANTOLAKUNTZARAKO/11. AUSOLAN/BEGIRALEAK/REGISTRO DE TAQUILLAS PERSONAL MONITOR (File responses)/Firma este formulario (File responses)/IMG20211112123920 - Begiraleak Jantoki.jpg: Duplicate object found in source - ignoring
2026/05/23 13:17:59 NOTICE: 2.📚 ANTOLAKUNTZARAKO/11. AUSOLAN/BEGIRALEAK/REGISTRO DE TAQUILLAS PERSONAL MONITOR (File responses)/Firma este formulario (File responses)/IMG20211112123920 - Begiraleak Jantoki.jpg: Duplicate object found in source - ignoring
2026/05/23 13:17:59 NOTICE: 2.📚 ANTOLAKUNTZARAKO/11. AUSOLAN/BEGIRALEAK/REGISTRO DE TAQUILLAS PERSONAL MONITOR (File responses)/Firma este formulario (File responses)/IMG_20211112_113950 - Begiraleak Jantoki.jpg: Duplicate object found in source - ignoring
2026/05/23 13:17:59 NOTICE: 2.📚 ANTOLAKUNTZARAKO/11. AUSOLAN/BEGIRALEAK/REGISTRO DE TAQUILLAS PERSONAL MONITOR (File responses)/Firma este formulario (File responses)/IMG_20211112_123910 - Begiraleak Jantoki.jpg: Duplicate object found in source - ignoring
2026/05/23 13:17:59 NOTICE: 2.📚 ANTOLAKUNTZARAKO/11. AUSOLAN/BEGIRALEAK/REGISTRO DE TAQUILLAS PERSONAL MONITOR (File responses)/Firma este formulario (File responses)/IMG_20211112_124038 - Begiraleak Jantoki.jpg: Duplicate object found in source - ignoring
2026/05/23 13:17:59 NOTICE: 2.📚 ANTOLAKUNTZARAKO/11. AUSOLAN/BEGIRALEAK/REGISTRO DE TAQUILLAS PERSONAL MONITOR (File responses)/Firma este formulario (File responses)/IMG_20211112_124038 - Begiraleak Jantoki.jpg: Duplicate object found in source - ignoring
2026/05/23 13:17:59 NOTICE: 2.📚 ANTOLAKUNTZARAKO/11. AUSOLAN/BEGIRALEAK/REGISTRO DE TAQUILLAS PERSONAL MONITOR (File responses)/Firma este formulario (File responses)/Notes_220609_190045_51c - Begiraleak Jantoki.jpg: Duplicate object found in source - ignoring
2026/05/23 13:17:59 NOTICE: 2.📚 ANTOLAKUNTZARAKO/11. AUSOLAN/BEGIRALEAK/REGISTRO DE TAQUILLAS PERSONAL MONITOR (File responses)/Firma este formulario (File responses)/firma - Begiraleak Jantoki.jpg: Duplicate object found in source - ignoring
2026/05/23 13:18:00 NOTICE: 3.🍽  APPCC/1. APPCC/01. REG. TRAZABILIDAD-PRODUCCION/0. FOTOS ETIQUETA PRODUCTOS/08. APIRILA/Escaneado_20260428-0904.pdf: Duplicate object found in source - ignoring
2026/05/23 13:18:00 NOTICE: 3.🍽  APPCC/4. APPCC Rev 03 202223/13. REGISTRO DE FORMACIÓN/CERTIFICADOS DE MONITORAS/2022／23/MARIA MONTSERRAT MUNTE DOMENECH/Escaneado_ 20221107-1424.pdf: Duplicate object found in source - ignoring
2026/05/23 13:18:00 NOTICE: 3.🍽  APPCC/4. APPCC Rev 03 202223/13. REGISTRO DE FORMACIÓN/CERTIFICADOS DE MONITORAS/2022／23/MARIA MONTSERRAT MUNTE DOMENECH/Escaneado_ 20221107-1425.pdf: Duplicate object found in source - ignoring
2026/05/23 13:18:00 NOTICE: 2.📚 ANTOLAKUNTZARAKO/4. MENUAK/5. DIETAS PIZARRA DIGITAL COMEDOR/08. APIRILA/PIZARRA COMEDOR.pptx: Duplicate object found in source - ignoring
2026/05/23 13:18:01 NOTICE: 3.🍽  APPCC/4. APPCC Rev 03 202223/14. REGISTRO ENTREGA BPMs/LECTURA DE BPMs Y VIGENCIA DE LA FORMACIÓN (personal monitor) (File responses)/Firma este formulario (File responses)/FIRMA Ana - Begiraleak Jantoki.jpg: Duplicate object found in source - ignoring
2026/05/23 13:18:01 NOTICE: 2.📚 ANTOLAKUNTZARAKO/4. MENUAK/5. DIETAS PIZARRA DIGITAL COMEDOR/09. MAIATZA/PIZARRA COMEDOR 202605.pptx: Duplicate object found in source - ignoring
2026/05/23 13:18:40 NOTICE: 3.🍽  APPCC/4. APPCC Rev 03 202223/3. REGISTRO MATERIAS PRIMAS/1. EMATE-AGIRIAK/1. URRIA/Escaneado_ 20221025-0926.pdf: Duplicate object found in source - ignoring
2026/05/23 13:18:43 NOTICE: 3.🍽  APPCC/4. APPCC Rev 03 202223/7. FICHAS TÉCNICAS DE PLATOS/FICHAS DE PLATOS/1. DIETA BASAL/DIETA BASAL 1ER PLATO/Fideuá con verduras: Duplicate object found in source - ignoring
2026/05/23 13:18:43 INFO  : 
Transferred:   	  141.086 KiB / 141.086 KiB, 100%, 0 B/s, ETA -
Checks:              4320 / 4320, 100%, Listed 10118
Transferred:            2 / 2, 100%
Elapsed time:       2m0.0s

2026/05/23 13:18:43 NOTICE: 3.🍽  APPCC/4. APPCC Rev 03 202223/7. FICHAS TÉCNICAS DE PLATOS/FICHAS DE PLATOS/1. DIETA BASAL/DIETA BASAL 2º PLATO/Salmón al horno con lechuga: Duplicate object found in source - ignoring
2026/05/23 13:18:43 NOTICE: 3.🍽  APPCC/4. APPCC Rev 03 202223/7. FICHAS TÉCNICAS DE PLATOS/FICHAS DE PLATOS/3. DIETAS ESPECIALES/DIETAS ESPECIALES 2º PLATO/Lomo fresco plancha con champiñones: Duplicate object found in source - ignoring
2026/05/23 13:18:43 NOTICE: 3.🍽  APPCC/4. APPCC Rev 03 202223/7. FICHAS TÉCNICAS DE PLATOS/FICHAS DE PLATOS/3. DIETAS ESPECIALES/DIETAS ESPECIALES 2º PLATO/Merluza al horno con zanahorias: Duplicate object found in source - ignoring
2026/05/23 13:18:45 INFO  : 2.📚 ANTOLAKUNTZARAKO/4. MENUAK/4. PICNIC: Set directory modification time (using SetModTime)
2026/05/23 13:18:45 INFO  : 2.📚 ANTOLAKUNTZARAKO/4. MENUAK: Set directory modification time (using SetModTime)
2026/05/23 13:18:45 INFO  : 2.📚 ANTOLAKUNTZARAKO: Set directory modification time (using SetModTime)
2026/05/23 13:18:45 INFO  : 
Transferred:   	  141.086 KiB / 141.086 KiB, 100%, 0 B/s, ETA -
Checks:              4738 / 4738, 100%, Listed 10844
Transferred:            2 / 2, 100%
Elapsed time:       2m1.9s

[2026-05-23 13:18:45] Sincronización finalizada.
--------------------------------------------------
[2026-05-23 13:32:42] Iniciando sincronización en espejo...
2026/05/23 13:32:43 NOTICE: Documento sin título.docx: Duplicate object found in source - ignoring
2026/05/23 13:32:43 NOTICE: Documento sin título.docx: Duplicate object found in source - ignoring
2026/05/23 13:32:43 NOTICE: Documento sin título.docx: Duplicate object found in source - ignoring
2026/05/23 13:32:43 NOTICE: REUNI.mp3: Duplicate object found in source - ignoring
2026/05/23 13:32:44 NOTICE: 2.📚 ANTOLAKUNTZARAKO/0. DOKUMENTUAK/REGISTRO ENTRADA MATERIAS PRIMAS PARA COCINA.docx: Duplicate object found in source - ignoring
2026/05/23 13:32:44 NOTICE: 3.🍽  APPCC/1. APPCC/0. MANUAL SISTEMA APPCC/NUEVO MANUAL APPCC 202526.docx: Duplicate object found in source - ignoring
2026/05/23 13:32:46 INFO  : 2.📚 ANTOLAKUNTZARAKO/13. I.J.E.O JANTOKIA/I.J.E.O. JANTOKIA 2025-26.xlsx: Copied (Rcat, replaced existing)
2026/05/23 13:32:46 NOTICE: 2.📚 ANTOLAKUNTZARAKO/4. MENUAK/1. MENU TIPOAK/GOMENDIOAK SCOLAREST MENURAKO.pdf: Duplicate object found in source - ignoring
2026/05/23 13:32:47 NOTICE: 2.📚 ANTOLAKUNTZARAKO/1. IZEN-EMATEA/JANTOKI ZERBITZURAKO IZEN EMATEA      INSCRIPCIÓN  SERVICIO  DE  COMEDOR (File responses)/HIRUGARRENAREN ALTA ／ ALTA DE TERCEROS (matrikula berriak bakarrik edo kontu aldaketak／solo nuevas matrículas o cambios de cuenta) (File responses)/ALTA TERCEROS COMEDOR - burgos zorrilla.pdf: Duplicate object found in source - ignoring
2026/05/23 13:32:47 NOTICE: 2.📚 ANTOLAKUNTZARAKO/1. IZEN-EMATEA/JANTOKI ZERBITZURAKO IZEN EMATEA      INSCRIPCIÓN  SERVICIO  DE  COMEDOR (File responses)/HIRUGARRENAREN ALTA ／ ALTA DE TERCEROS (matrikula berriak bakarrik edo kontu aldaketak／solo nuevas matrículas o cambios de cuenta) (File responses)/comedor IERA - FERNÁNDEZ DELGADO IERA.pdf: Duplicate object found in source - ignoring
2026/05/23 13:32:48 NOTICE: 3.🍽  APPCC/1. APPCC/01. REG. TRAZABILIDAD-PRODUCCION/0. FOTOS ETIQUETA PRODUCTOS/02. URRIA/Escaneado_20251031-1323.pdf: Duplicate object found in source - ignoring
2026/05/23 13:32:48 NOTICE: 2.📚 ANTOLAKUNTZARAKO/0. DOKUMENTUAK/BIZIKASI/Formación Personal no Docente_BAT.pptx: Duplicate object found in source - ignoring
2026/05/23 13:32:51 INFO  : 2.📚 ANTOLAKUNTZARAKO/4. MENUAK/4. PICNIC/EXCURSIONES CON PICNIC 2025-26.docx: Copied (Rcat, replaced existing)
2026/05/23 13:32:52 NOTICE: 3.🍽  APPCC/4. APPCC Rev 03 202223/1. REGISTRO TRAZABILIDAD/FOTOS ETIQUETA PRODUCTOS/2. URRIA/Escaneado_ 20221018-0924.pdf: Duplicate object found in source - ignoring
2026/05/23 13:33:01 NOTICE: 2.📚 ANTOLAKUNTZARAKO/16. IKASTURTEKO EBALUAZIOAK/JANTOKIKO TXOSTENAK/TXOSTENA HH／LH/INDICACIONES PARA CUMPLIMENTAR INFORMES DE EVALUACIÓN TRIMESTRAL HH-LH.docx (Converted - 2024-11-27 12:39).docx: Duplicate object found in source - ignoring
2026/05/23 13:33:09 NOTICE: 3.🍽  APPCC/4. APPCC Rev 03 202223/14. REGISTRO ENTREGA BPMs/LECTURA DE BPMs Y VIGENCIA DE LA FORMACIÓN (personal monitor) (File responses)/Firma este formulario (File responses)/FIRMA Ana - Begiraleak Jantoki.jpg: Duplicate object found in source - ignoring
2026/05/23 13:33:35 NOTICE: 3.🍽  APPCC/4. APPCC Rev 03 202223/13. REGISTRO DE FORMACIÓN/CERTIFICADOS DE MONITORAS/2022／23/MARIA MONTSERRAT MUNTE DOMENECH/Escaneado_ 20221107-1424.pdf: Duplicate object found in source - ignoring
2026/05/23 13:33:35 NOTICE: 3.🍽  APPCC/4. APPCC Rev 03 202223/13. REGISTRO DE FORMACIÓN/CERTIFICADOS DE MONITORAS/2022／23/MARIA MONTSERRAT MUNTE DOMENECH/Escaneado_ 20221107-1425.pdf: Duplicate object found in source - ignoring
2026/05/23 13:33:35 NOTICE: 2.📚 ANTOLAKUNTZARAKO/6. KOBRANTZAK-ORDAINKETAK/1. KOBRANTZAK BBK/2. ORDAINKETA-GUTUNA/0.PENDIENTES CON DEUDA/AMIR QADA/AMIR QADA-ABONADO-CARTA DE PAGO POR RECIBOS PENDIENTES COMEDOR CURSO 2024／25.docx: Duplicate object found in source - ignoring
2026/05/23 13:33:38 NOTICE: 3.🍽  APPCC/1. APPCC/01. REG. TRAZABILIDAD-PRODUCCION/0. FOTOS ETIQUETA PRODUCTOS/07. MARTXOA/Escaneado_20260313-1255.pdf: Duplicate object found in source - ignoring
2026/05/23 13:33:38 NOTICE: 2.📚 ANTOLAKUNTZARAKO/16. IKASTURTEKO EBALUAZIOAK/JANTOKIKO TXOSTENAK/TXOSTENA HH／LH/BAZKALTIAR BAKOITZAREN JANTOKI-TXOSTENA HH／LH/AIARA VARONA MARTINEZ.docx: Duplicate object found in source - ignoring
2026/05/23 13:33:38 NOTICE: 2.📚 ANTOLAKUNTZARAKO/12. BESTE/KONPONKETAK/Fotos panel arcón/20190523_122532.jpg: Duplicate object found in source - ignoring
2026/05/23 13:33:38 NOTICE: 2.📚 ANTOLAKUNTZARAKO/12. BESTE/KONPONKETAK/Fotos panel arcón/20190523_122539.jpg: Duplicate object found in source - ignoring
2026/05/23 13:33:38 NOTICE: 2.📚 ANTOLAKUNTZARAKO/12. BESTE/KONPONKETAK/Fotos panel arcón/20190523_122707.jpg: Duplicate object found in source - ignoring
2026/05/23 13:33:38 NOTICE: 2.📚 ANTOLAKUNTZARAKO/12. BESTE/KONPONKETAK/Fotos panel arcón/20190527_103540.jpg: Duplicate object found in source - ignoring
2026/05/23 13:33:38 NOTICE: 2.📚 ANTOLAKUNTZARAKO/12. BESTE/KONPONKETAK/Fotos panel arcón/20190527_103540.jpg: Duplicate object found in source - ignoring
2026/05/23 13:33:38 NOTICE: 2.📚 ANTOLAKUNTZARAKO/12. BESTE/KONPONKETAK/Fotos panel arcón/20190527_103551.jpg: Duplicate object found in source - ignoring
2026/05/23 13:33:38 NOTICE: 2.📚 ANTOLAKUNTZARAKO/12. BESTE/KONPONKETAK/Fotos panel arcón/20190527_103551.jpg: Duplicate object found in source - ignoring
2026/05/23 13:33:39 NOTICE: 3.🍽  APPCC/1. APPCC/01. REG. TRAZABILIDAD-PRODUCCION/0. FOTOS ETIQUETA PRODUCTOS/08. APIRILA/Escaneado_20260428-0904.pdf: Duplicate object found in source - ignoring
2026/05/23 13:33:40 NOTICE: 2.📚 ANTOLAKUNTZARAKO/11. AUSOLAN/BEGIRALEAK/REGISTRO DE TAQUILLAS PERSONAL MONITOR (File responses)/Firma este formulario (File responses)/20211112_114001 - Begiraleak Jantoki.jpg: Duplicate object found in source - ignoring
2026/05/23 13:33:40 NOTICE: 2.📚 ANTOLAKUNTZARAKO/11. AUSOLAN/BEGIRALEAK/REGISTRO DE TAQUILLAS PERSONAL MONITOR (File responses)/Firma este formulario (File responses)/IMG20211112123920 - Begiraleak Jantoki.jpg: Duplicate object found in source - ignoring
2026/05/23 13:33:40 NOTICE: 2.📚 ANTOLAKUNTZARAKO/11. AUSOLAN/BEGIRALEAK/REGISTRO DE TAQUILLAS PERSONAL MONITOR (File responses)/Firma este formulario (File responses)/IMG20211112123920 - Begiraleak Jantoki.jpg: Duplicate object found in source - ignoring
2026/05/23 13:33:40 NOTICE: 2.📚 ANTOLAKUNTZARAKO/11. AUSOLAN/BEGIRALEAK/REGISTRO DE TAQUILLAS PERSONAL MONITOR (File responses)/Firma este formulario (File responses)/IMG_20211112_113950 - Begiraleak Jantoki.jpg: Duplicate object found in source - ignoring
2026/05/23 13:33:40 NOTICE: 2.📚 ANTOLAKUNTZARAKO/11. AUSOLAN/BEGIRALEAK/REGISTRO DE TAQUILLAS PERSONAL MONITOR (File responses)/Firma este formulario (File responses)/IMG_20211112_123910 - Begiraleak Jantoki.jpg: Duplicate object found in source - ignoring
2026/05/23 13:33:40 NOTICE: 2.📚 ANTOLAKUNTZARAKO/11. AUSOLAN/BEGIRALEAK/REGISTRO DE TAQUILLAS PERSONAL MONITOR (File responses)/Firma este formulario (File responses)/IMG_20211112_124038 - Begiraleak Jantoki.jpg: Duplicate object found in source - ignoring
2026/05/23 13:33:40 NOTICE: 2.📚 ANTOLAKUNTZARAKO/11. AUSOLAN/BEGIRALEAK/REGISTRO DE TAQUILLAS PERSONAL MONITOR (File responses)/Firma este formulario (File responses)/IMG_20211112_124038 - Begiraleak Jantoki.jpg: Duplicate object found in source - ignoring
2026/05/23 13:33:40 NOTICE: 2.📚 ANTOLAKUNTZARAKO/11. AUSOLAN/BEGIRALEAK/REGISTRO DE TAQUILLAS PERSONAL MONITOR (File responses)/Firma este formulario (File responses)/Notes_220609_190045_51c - Begiraleak Jantoki.jpg: Duplicate object found in source - ignoring
2026/05/23 13:33:40 NOTICE: 2.📚 ANTOLAKUNTZARAKO/11. AUSOLAN/BEGIRALEAK/REGISTRO DE TAQUILLAS PERSONAL MONITOR (File responses)/Firma este formulario (File responses)/firma - Begiraleak Jantoki.jpg: Duplicate object found in source - ignoring
2026/05/23 13:33:41 NOTICE: 2.📚 ANTOLAKUNTZARAKO/6. KOBRANTZAK-ORDAINKETAK/1. KOBRANTZAK BBK/2. ORDAINKETA-GUTUNA/0.PENDIENTES CON DEUDA/CRISTIAN CASTELLON GONZALEZ 2025-26/CRISTIAN ANTONIO CASTELLON GONZALEZ-CARTA DE PAGO POR RECIBOS PENDIENTES COMEDOR CURSO 2025／26.docx: Duplicate object found in source - ignoring
2026/05/23 13:33:42 NOTICE: 2.📚 ANTOLAKUNTZARAKO/12. BESTE/FORMAKUNTZA/DIGICURRI/2. MODULUA/3. ATAZA/Orientazio-lasterketak hiztegia (respuestas).xlsx: Duplicate object found in source - ignoring
2026/05/23 13:33:43 INFO  : 
Transferred:   	  571.084 KiB / 571.084 KiB, 100%, 147.241 KiB/s, ETA 0s
Checks:              3291 / 3291, 100%, Listed 7814
Transferred:            4 / 4, 100%
Elapsed time:       1m0.0s

2026/05/23 13:33:48 NOTICE: 2.📚 ANTOLAKUNTZARAKO/4. MENUAK/5. DIETAS PIZARRA DIGITAL COMEDOR/08. APIRILA/PIZARRA COMEDOR.pptx: Duplicate object found in source - ignoring
2026/05/23 13:33:49 NOTICE: 2.📚 ANTOLAKUNTZARAKO/4. MENUAK/5. DIETAS PIZARRA DIGITAL COMEDOR/09. MAIATZA/PIZARRA COMEDOR 202605.pptx: Duplicate object found in source - ignoring
2026/05/23 13:33:52 NOTICE: 3.🍽  APPCC/4. APPCC Rev 03 202223/3. REGISTRO MATERIAS PRIMAS/1. EMATE-AGIRIAK/1. URRIA/Escaneado_ 20221025-0926.pdf: Duplicate object found in source - ignoring
2026/05/23 13:34:01 NOTICE: 3.🍽  APPCC/4. APPCC Rev 03 202223/7. FICHAS TÉCNICAS DE PLATOS/FICHAS DE PLATOS/1. DIETA BASAL/DIETA BASAL 1ER PLATO/Fideuá con verduras: Duplicate object found in source - ignoring
2026/05/23 13:34:01 NOTICE: 3.🍽  APPCC/4. APPCC Rev 03 202223/7. FICHAS TÉCNICAS DE PLATOS/FICHAS DE PLATOS/1. DIETA BASAL/DIETA BASAL 2º PLATO/Salmón al horno con lechuga: Duplicate object found in source - ignoring
2026/05/23 13:34:03 NOTICE: 3.🍽  APPCC/4. APPCC Rev 03 202223/7. FICHAS TÉCNICAS DE PLATOS/FICHAS DE PLATOS/3. DIETAS ESPECIALES/DIETAS ESPECIALES 2º PLATO/Lomo fresco plancha con champiñones: Duplicate object found in source - ignoring
2026/05/23 13:34:03 NOTICE: 3.🍽  APPCC/4. APPCC Rev 03 202223/7. FICHAS TÉCNICAS DE PLATOS/FICHAS DE PLATOS/3. DIETAS ESPECIALES/DIETAS ESPECIALES 2º PLATO/Merluza al horno con zanahorias: Duplicate object found in source - ignoring
2026/05/23 13:34:03 INFO  : 2.📚 ANTOLAKUNTZARAKO/4. MENUAK/4. PICNIC: Set directory modification time (using SetModTime)
2026/05/23 13:34:03 INFO  : 2.📚 ANTOLAKUNTZARAKO/4. MENUAK: Set directory modification time (using SetModTime)
2026/05/23 13:34:03 INFO  : 2.📚 ANTOLAKUNTZARAKO/13. I.J.E.O JANTOKIA: Set directory modification time (using SetModTime)
2026/05/23 13:34:03 INFO  : 2.📚 ANTOLAKUNTZARAKO: Set directory modification time (using SetModTime)
2026/05/23 13:34:03 INFO  : 
Transferred:   	  571.084 KiB / 571.084 KiB, 100%, 147.241 KiB/s, ETA 0s
Checks:              4738 / 4738, 100%, Listed 10844
Transferred:            4 / 4, 100%
Elapsed time:      1m20.5s

[2026-05-23 13:34:03] Sincronización finalizada.
--------------------------------------------------
[2026-05-23 13:48:42] Iniciando sincronización en espejo...
2026/05/23 13:48:43 NOTICE: Documento sin título.docx: Duplicate object found in source - ignoring
2026/05/23 13:48:43 NOTICE: Documento sin título.docx: Duplicate object found in source - ignoring
2026/05/23 13:48:43 NOTICE: Documento sin título.docx: Duplicate object found in source - ignoring
2026/05/23 13:48:43 NOTICE: REUNI.mp3: Duplicate object found in source - ignoring
2026/05/23 13:48:44 NOTICE: 2.📚 ANTOLAKUNTZARAKO/0. DOKUMENTUAK/REGISTRO ENTRADA MATERIAS PRIMAS PARA COCINA.docx: Duplicate object found in source - ignoring
2026/05/23 13:48:45 NOTICE: 3.🍽  APPCC/1. APPCC/0. MANUAL SISTEMA APPCC/NUEVO MANUAL APPCC 202526.docx: Duplicate object found in source - ignoring
2026/05/23 13:48:45 INFO  : 2.📚 ANTOLAKUNTZARAKO/13. I.J.E.O JANTOKIA/I.J.E.O. JANTOKIA 2025-26.xlsx: Copied (Rcat, replaced existing)
2026/05/23 13:48:46 NOTICE: 2.📚 ANTOLAKUNTZARAKO/4. MENUAK/1. MENU TIPOAK/GOMENDIOAK SCOLAREST MENURAKO.pdf: Duplicate object found in source - ignoring
2026/05/23 13:48:47 NOTICE: 2.📚 ANTOLAKUNTZARAKO/1. IZEN-EMATEA/JANTOKI ZERBITZURAKO IZEN EMATEA      INSCRIPCIÓN  SERVICIO  DE  COMEDOR (File responses)/HIRUGARRENAREN ALTA ／ ALTA DE TERCEROS (matrikula berriak bakarrik edo kontu aldaketak／solo nuevas matrículas o cambios de cuenta) (File responses)/ALTA TERCEROS COMEDOR - burgos zorrilla.pdf: Duplicate object found in source - ignoring
2026/05/23 13:48:47 NOTICE: 2.📚 ANTOLAKUNTZARAKO/1. IZEN-EMATEA/JANTOKI ZERBITZURAKO IZEN EMATEA      INSCRIPCIÓN  SERVICIO  DE  COMEDOR (File responses)/HIRUGARRENAREN ALTA ／ ALTA DE TERCEROS (matrikula berriak bakarrik edo kontu aldaketak／solo nuevas matrículas o cambios de cuenta) (File responses)/comedor IERA - FERNÁNDEZ DELGADO IERA.pdf: Duplicate object found in source - ignoring
2026/05/23 13:48:49 NOTICE: 3.🍽  APPCC/1. APPCC/01. REG. TRAZABILIDAD-PRODUCCION/0. FOTOS ETIQUETA PRODUCTOS/02. URRIA/Escaneado_20251031-1323.pdf: Duplicate object found in source - ignoring
2026/05/23 13:48:50 NOTICE: 2.📚 ANTOLAKUNTZARAKO/0. DOKUMENTUAK/BIZIKASI/Formación Personal no Docente_BAT.pptx: Duplicate object found in source - ignoring
2026/05/23 13:48:50 NOTICE: 3.🍽  APPCC/4. APPCC Rev 03 202223/1. REGISTRO TRAZABILIDAD/FOTOS ETIQUETA PRODUCTOS/2. URRIA/Escaneado_ 20221018-0924.pdf: Duplicate object found in source - ignoring
2026/05/23 13:48:51 INFO  : 2.📚 ANTOLAKUNTZARAKO/4. MENUAK/4. PICNIC/EXCURSIONES CON PICNIC 2025-26.docx: Copied (Rcat, replaced existing)
2026/05/23 13:49:01 NOTICE: 2.📚 ANTOLAKUNTZARAKO/16. IKASTURTEKO EBALUAZIOAK/JANTOKIKO TXOSTENAK/TXOSTENA HH／LH/INDICACIONES PARA CUMPLIMENTAR INFORMES DE EVALUACIÓN TRIMESTRAL HH-LH.docx (Converted - 2024-11-27 12:39).docx: Duplicate object found in source - ignoring
2026/05/23 13:49:03 NOTICE: 3.🍽  APPCC/4. APPCC Rev 03 202223/14. REGISTRO ENTREGA BPMs/LECTURA DE BPMs Y VIGENCIA DE LA FORMACIÓN (personal monitor) (File responses)/Firma este formulario (File responses)/FIRMA Ana - Begiraleak Jantoki.jpg: Duplicate object found in source - ignoring
2026/05/23 13:49:26 NOTICE: 3.🍽  APPCC/4. APPCC Rev 03 202223/13. REGISTRO DE FORMACIÓN/CERTIFICADOS DE MONITORAS/2022／23/MARIA MONTSERRAT MUNTE DOMENECH/Escaneado_ 20221107-1424.pdf: Duplicate object found in source - ignoring
2026/05/23 13:49:26 NOTICE: 3.🍽  APPCC/4. APPCC Rev 03 202223/13. REGISTRO DE FORMACIÓN/CERTIFICADOS DE MONITORAS/2022／23/MARIA MONTSERRAT MUNTE DOMENECH/Escaneado_ 20221107-1425.pdf: Duplicate object found in source - ignoring
2026/05/23 13:49:26 NOTICE: 2.📚 ANTOLAKUNTZARAKO/6. KOBRANTZAK-ORDAINKETAK/1. KOBRANTZAK BBK/2. ORDAINKETA-GUTUNA/0.PENDIENTES CON DEUDA/AMIR QADA/AMIR QADA-ABONADO-CARTA DE PAGO POR RECIBOS PENDIENTES COMEDOR CURSO 2024／25.docx: Duplicate object found in source - ignoring
2026/05/23 13:49:27 NOTICE: 2.📚 ANTOLAKUNTZARAKO/12. BESTE/KONPONKETAK/Fotos panel arcón/20190523_122532.jpg: Duplicate object found in source - ignoring
2026/05/23 13:49:27 NOTICE: 2.📚 ANTOLAKUNTZARAKO/12. BESTE/KONPONKETAK/Fotos panel arcón/20190523_122539.jpg: Duplicate object found in source - ignoring
2026/05/23 13:49:27 NOTICE: 2.📚 ANTOLAKUNTZARAKO/12. BESTE/KONPONKETAK/Fotos panel arcón/20190523_122707.jpg: Duplicate object found in source - ignoring
2026/05/23 13:49:27 NOTICE: 2.📚 ANTOLAKUNTZARAKO/12. BESTE/KONPONKETAK/Fotos panel arcón/20190527_103540.jpg: Duplicate object found in source - ignoring
2026/05/23 13:49:27 NOTICE: 2.📚 ANTOLAKUNTZARAKO/12. BESTE/KONPONKETAK/Fotos panel arcón/20190527_103540.jpg: Duplicate object found in source - ignoring
2026/05/23 13:49:27 NOTICE: 2.📚 ANTOLAKUNTZARAKO/12. BESTE/KONPONKETAK/Fotos panel arcón/20190527_103551.jpg: Duplicate object found in source - ignoring
2026/05/23 13:49:27 NOTICE: 2.📚 ANTOLAKUNTZARAKO/12. BESTE/KONPONKETAK/Fotos panel arcón/20190527_103551.jpg: Duplicate object found in source - ignoring
2026/05/23 13:49:29 NOTICE: 2.📚 ANTOLAKUNTZARAKO/16. IKASTURTEKO EBALUAZIOAK/JANTOKIKO TXOSTENAK/TXOSTENA HH／LH/BAZKALTIAR BAKOITZAREN JANTOKI-TXOSTENA HH／LH/AIARA VARONA MARTINEZ.docx: Duplicate object found in source - ignoring
2026/05/23 13:49:29 NOTICE: 3.🍽  APPCC/1. APPCC/01. REG. TRAZABILIDAD-PRODUCCION/0. FOTOS ETIQUETA PRODUCTOS/07. MARTXOA/Escaneado_20260313-1255.pdf: Duplicate object found in source - ignoring
2026/05/23 13:49:30 NOTICE: 2.📚 ANTOLAKUNTZARAKO/11. AUSOLAN/BEGIRALEAK/REGISTRO DE TAQUILLAS PERSONAL MONITOR (File responses)/Firma este formulario (File responses)/20211112_114001 - Begiraleak Jantoki.jpg: Duplicate object found in source - ignoring
2026/05/23 13:49:30 NOTICE: 2.📚 ANTOLAKUNTZARAKO/11. AUSOLAN/BEGIRALEAK/REGISTRO DE TAQUILLAS PERSONAL MONITOR (File responses)/Firma este formulario (File responses)/IMG20211112123920 - Begiraleak Jantoki.jpg: Duplicate object found in source - ignoring
2026/05/23 13:49:30 NOTICE: 2.📚 ANTOLAKUNTZARAKO/11. AUSOLAN/BEGIRALEAK/REGISTRO DE TAQUILLAS PERSONAL MONITOR (File responses)/Firma este formulario (File responses)/IMG20211112123920 - Begiraleak Jantoki.jpg: Duplicate object found in source - ignoring
2026/05/23 13:49:30 NOTICE: 2.📚 ANTOLAKUNTZARAKO/11. AUSOLAN/BEGIRALEAK/REGISTRO DE TAQUILLAS PERSONAL MONITOR (File responses)/Firma este formulario (File responses)/IMG_20211112_113950 - Begiraleak Jantoki.jpg: Duplicate object found in source - ignoring
2026/05/23 13:49:30 NOTICE: 2.📚 ANTOLAKUNTZARAKO/11. AUSOLAN/BEGIRALEAK/REGISTRO DE TAQUILLAS PERSONAL MONITOR (File responses)/Firma este formulario (File responses)/IMG_20211112_123910 - Begiraleak Jantoki.jpg: Duplicate object found in source - ignoring
2026/05/23 13:49:30 NOTICE: 2.📚 ANTOLAKUNTZARAKO/11. AUSOLAN/BEGIRALEAK/REGISTRO DE TAQUILLAS PERSONAL MONITOR (File responses)/Firma este formulario (File responses)/IMG_20211112_124038 - Begiraleak Jantoki.jpg: Duplicate object found in source - ignoring
2026/05/23 13:49:30 NOTICE: 2.📚 ANTOLAKUNTZARAKO/11. AUSOLAN/BEGIRALEAK/REGISTRO DE TAQUILLAS PERSONAL MONITOR (File responses)/Firma este formulario (File responses)/IMG_20211112_124038 - Begiraleak Jantoki.jpg: Duplicate object found in source - ignoring
2026/05/23 13:49:30 NOTICE: 2.📚 ANTOLAKUNTZARAKO/11. AUSOLAN/BEGIRALEAK/REGISTRO DE TAQUILLAS PERSONAL MONITOR (File responses)/Firma este formulario (File responses)/Notes_220609_190045_51c - Begiraleak Jantoki.jpg: Duplicate object found in source - ignoring
2026/05/23 13:49:30 NOTICE: 2.📚 ANTOLAKUNTZARAKO/11. AUSOLAN/BEGIRALEAK/REGISTRO DE TAQUILLAS PERSONAL MONITOR (File responses)/Firma este formulario (File responses)/firma - Begiraleak Jantoki.jpg: Duplicate object found in source - ignoring
2026/05/23 13:49:33 NOTICE: 2.📚 ANTOLAKUNTZARAKO/6. KOBRANTZAK-ORDAINKETAK/1. KOBRANTZAK BBK/2. ORDAINKETA-GUTUNA/0.PENDIENTES CON DEUDA/CRISTIAN CASTELLON GONZALEZ 2025-26/CRISTIAN ANTONIO CASTELLON GONZALEZ-CARTA DE PAGO POR RECIBOS PENDIENTES COMEDOR CURSO 2025／26.docx: Duplicate object found in source - ignoring
2026/05/23 13:49:33 NOTICE: 3.🍽  APPCC/1. APPCC/01. REG. TRAZABILIDAD-PRODUCCION/0. FOTOS ETIQUETA PRODUCTOS/08. APIRILA/Escaneado_20260428-0904.pdf: Duplicate object found in source - ignoring
2026/05/23 13:49:33 NOTICE: 2.📚 ANTOLAKUNTZARAKO/12. BESTE/FORMAKUNTZA/DIGICURRI/2. MODULUA/3. ATAZA/Orientazio-lasterketak hiztegia (respuestas).xlsx: Duplicate object found in source - ignoring
2026/05/23 13:49:38 NOTICE: 2.📚 ANTOLAKUNTZARAKO/4. MENUAK/5. DIETAS PIZARRA DIGITAL COMEDOR/09. MAIATZA/PIZARRA COMEDOR 202605.pptx: Duplicate object found in source - ignoring
2026/05/23 13:49:38 NOTICE: 2.📚 ANTOLAKUNTZARAKO/4. MENUAK/5. DIETAS PIZARRA DIGITAL COMEDOR/08. APIRILA/PIZARRA COMEDOR.pptx: Duplicate object found in source - ignoring
2026/05/23 13:49:43 INFO  : 
Transferred:   	  571.594 KiB / 571.594 KiB, 100%, 107.434 KiB/s, ETA 0s
Checks:              3779 / 3779, 100%, Listed 8917
Transferred:            4 / 4, 100%
Elapsed time:       1m0.0s

2026/05/23 13:49:43 NOTICE: 3.🍽  APPCC/4. APPCC Rev 03 202223/3. REGISTRO MATERIAS PRIMAS/1. EMATE-AGIRIAK/1. URRIA/Escaneado_ 20221025-0926.pdf: Duplicate object found in source - ignoring
2026/05/23 13:49:52 NOTICE: 3.🍽  APPCC/4. APPCC Rev 03 202223/7. FICHAS TÉCNICAS DE PLATOS/FICHAS DE PLATOS/1. DIETA BASAL/DIETA BASAL 1ER PLATO/Fideuá con verduras: Duplicate object found in source - ignoring
2026/05/23 13:49:52 NOTICE: 3.🍽  APPCC/4. APPCC Rev 03 202223/7. FICHAS TÉCNICAS DE PLATOS/FICHAS DE PLATOS/1. DIETA BASAL/DIETA BASAL 2º PLATO/Salmón al horno con lechuga: Duplicate object found in source - ignoring
2026/05/23 13:49:54 NOTICE: 3.🍽  APPCC/4. APPCC Rev 03 202223/7. FICHAS TÉCNICAS DE PLATOS/FICHAS DE PLATOS/3. DIETAS ESPECIALES/DIETAS ESPECIALES 2º PLATO/Lomo fresco plancha con champiñones: Duplicate object found in source - ignoring
2026/05/23 13:49:54 NOTICE: 3.🍽  APPCC/4. APPCC Rev 03 202223/7. FICHAS TÉCNICAS DE PLATOS/FICHAS DE PLATOS/3. DIETAS ESPECIALES/DIETAS ESPECIALES 2º PLATO/Merluza al horno con zanahorias: Duplicate object found in source - ignoring
2026/05/23 13:49:54 INFO  : 2.📚 ANTOLAKUNTZARAKO/4. MENUAK/4. PICNIC: Set directory modification time (using SetModTime)
2026/05/23 13:49:54 INFO  : 2.📚 ANTOLAKUNTZARAKO/4. MENUAK: Set directory modification time (using SetModTime)
2026/05/23 13:49:54 INFO  : 2.📚 ANTOLAKUNTZARAKO/13. I.J.E.O JANTOKIA: Set directory modification time (using SetModTime)
2026/05/23 13:49:54 INFO  : 2.📚 ANTOLAKUNTZARAKO: Set directory modification time (using SetModTime)
2026/05/23 13:49:54 INFO  : 
Transferred:   	  571.594 KiB / 571.594 KiB, 100%, 107.434 KiB/s, ETA 0s
Checks:              4738 / 4738, 100%, Listed 10844
Transferred:            4 / 4, 100%
Elapsed time:      1m11.6s

[2026-05-23 13:49:54] Sincronización finalizada.
--------------------------------------------------
[2026-05-23 14:04:00] Iniciando sincronización en espejo...
2026/05/23 14:04:01 NOTICE: Documento sin título.docx: Duplicate object found in source - ignoring
2026/05/23 14:04:01 NOTICE: Documento sin título.docx: Duplicate object found in source - ignoring
2026/05/23 14:04:01 NOTICE: Documento sin título.docx: Duplicate object found in source - ignoring
2026/05/23 14:04:01 NOTICE: REUNI.mp3: Duplicate object found in source - ignoring
2026/05/23 14:04:01 NOTICE: 2.📚 ANTOLAKUNTZARAKO/0. DOKUMENTUAK/REGISTRO ENTRADA MATERIAS PRIMAS PARA COCINA.docx: Duplicate object found in source - ignoring
2026/05/23 14:04:03 INFO  : 2.📚 ANTOLAKUNTZARAKO/13. I.J.E.O JANTOKIA/I.J.E.O. JANTOKIA 2025-26.xlsx: Copied (Rcat, replaced existing)
2026/05/23 14:04:34 NOTICE: 3.🍽  APPCC/1. APPCC/0. MANUAL SISTEMA APPCC/NUEVO MANUAL APPCC 202526.docx: Duplicate object found in source - ignoring
2026/05/23 14:04:54 NOTICE: 2.📚 ANTOLAKUNTZARAKO/4. MENUAK/1. MENU TIPOAK/GOMENDIOAK SCOLAREST MENURAKO.pdf: Duplicate object found in source - ignoring
2026/05/23 14:04:55 NOTICE: 2.📚 ANTOLAKUNTZARAKO/1. IZEN-EMATEA/JANTOKI ZERBITZURAKO IZEN EMATEA      INSCRIPCIÓN  SERVICIO  DE  COMEDOR (File responses)/HIRUGARRENAREN ALTA ／ ALTA DE TERCEROS (matrikula berriak bakarrik edo kontu aldaketak／solo nuevas matrículas o cambios de cuenta) (File responses)/ALTA TERCEROS COMEDOR - burgos zorrilla.pdf: Duplicate object found in source - ignoring
2026/05/23 14:04:55 NOTICE: 2.📚 ANTOLAKUNTZARAKO/1. IZEN-EMATEA/JANTOKI ZERBITZURAKO IZEN EMATEA      INSCRIPCIÓN  SERVICIO  DE  COMEDOR (File responses)/HIRUGARRENAREN ALTA ／ ALTA DE TERCEROS (matrikula berriak bakarrik edo kontu aldaketak／solo nuevas matrículas o cambios de cuenta) (File responses)/comedor IERA - FERNÁNDEZ DELGADO IERA.pdf: Duplicate object found in source - ignoring
2026/05/23 14:04:56 NOTICE: 2.📚 ANTOLAKUNTZARAKO/0. DOKUMENTUAK/BIZIKASI/Formación Personal no Docente_BAT.pptx: Duplicate object found in source - ignoring
2026/05/23 14:04:56 NOTICE: 3.🍽  APPCC/1. APPCC/01. REG. TRAZABILIDAD-PRODUCCION/0. FOTOS ETIQUETA PRODUCTOS/02. URRIA/Escaneado_20251031-1323.pdf: Duplicate object found in source - ignoring
2026/05/23 14:04:58 NOTICE: 3.🍽  APPCC/4. APPCC Rev 03 202223/1. REGISTRO TRAZABILIDAD/FOTOS ETIQUETA PRODUCTOS/2. URRIA/Escaneado_ 20221018-0924.pdf: Duplicate object found in source - ignoring
2026/05/23 14:04:58 INFO  : 2.📚 ANTOLAKUNTZARAKO/4. MENUAK/4. PICNIC/EXCURSIONES CON PICNIC 2025-26.docx: Copied (Rcat, replaced existing)
2026/05/23 14:05:00 INFO  : 
Transferred:   	  572.280 KiB / 572.280 KiB, 100%, 143.241 KiB/s, ETA 0s
Checks:              1377 / 1377, 100%, Listed 3697
Transferred:            4 / 4, 100%
Elapsed time:       1m0.0s

2026/05/23 14:05:33 NOTICE: 2.📚 ANTOLAKUNTZARAKO/16. IKASTURTEKO EBALUAZIOAK/JANTOKIKO TXOSTENAK/TXOSTENA HH／LH/INDICACIONES PARA CUMPLIMENTAR INFORMES DE EVALUACIÓN TRIMESTRAL HH-LH.docx (Converted - 2024-11-27 12:39).docx: Duplicate object found in source - ignoring
2026/05/23 14:05:33 NOTICE: 2.📚 ANTOLAKUNTZARAKO/6. KOBRANTZAK-ORDAINKETAK/1. KOBRANTZAK BBK/2. ORDAINKETA-GUTUNA/0.PENDIENTES CON DEUDA/AMIR QADA/AMIR QADA-ABONADO-CARTA DE PAGO POR RECIBOS PENDIENTES COMEDOR CURSO 2024／25.docx: Duplicate object found in source - ignoring
2026/05/23 14:05:33 NOTICE: 3.🍽  APPCC/4. APPCC Rev 03 202223/14. REGISTRO ENTREGA BPMs/LECTURA DE BPMs Y VIGENCIA DE LA FORMACIÓN (personal monitor) (File responses)/Firma este formulario (File responses)/FIRMA Ana - Begiraleak Jantoki.jpg: Duplicate object found in source - ignoring
2026/05/23 14:05:35 NOTICE: 3.🍽  APPCC/4. APPCC Rev 03 202223/13. REGISTRO DE FORMACIÓN/CERTIFICADOS DE MONITORAS/2022／23/MARIA MONTSERRAT MUNTE DOMENECH/Escaneado_ 20221107-1424.pdf: Duplicate object found in source - ignoring
2026/05/23 14:05:35 NOTICE: 3.🍽  APPCC/4. APPCC Rev 03 202223/13. REGISTRO DE FORMACIÓN/CERTIFICADOS DE MONITORAS/2022／23/MARIA MONTSERRAT MUNTE DOMENECH/Escaneado_ 20221107-1425.pdf: Duplicate object found in source - ignoring
2026/05/23 14:05:37 NOTICE: 2.📚 ANTOLAKUNTZARAKO/12. BESTE/KONPONKETAK/Fotos panel arcón/20190523_122532.jpg: Duplicate object found in source - ignoring
2026/05/23 14:05:37 NOTICE: 2.📚 ANTOLAKUNTZARAKO/12. BESTE/KONPONKETAK/Fotos panel arcón/20190523_122539.jpg: Duplicate object found in source - ignoring
2026/05/23 14:05:37 NOTICE: 2.📚 ANTOLAKUNTZARAKO/12. BESTE/KONPONKETAK/Fotos panel arcón/20190523_122707.jpg: Duplicate object found in source - ignoring
2026/05/23 14:05:37 NOTICE: 2.📚 ANTOLAKUNTZARAKO/12. BESTE/KONPONKETAK/Fotos panel arcón/20190527_103540.jpg: Duplicate object found in source - ignoring
2026/05/23 14:05:37 NOTICE: 2.📚 ANTOLAKUNTZARAKO/12. BESTE/KONPONKETAK/Fotos panel arcón/20190527_103540.jpg: Duplicate object found in source - ignoring
2026/05/23 14:05:37 NOTICE: 2.📚 ANTOLAKUNTZARAKO/12. BESTE/KONPONKETAK/Fotos panel arcón/20190527_103551.jpg: Duplicate object found in source - ignoring
2026/05/23 14:05:37 NOTICE: 2.📚 ANTOLAKUNTZARAKO/12. BESTE/KONPONKETAK/Fotos panel arcón/20190527_103551.jpg: Duplicate object found in source - ignoring
2026/05/23 14:05:37 NOTICE: 3.🍽  APPCC/1. APPCC/01. REG. TRAZABILIDAD-PRODUCCION/0. FOTOS ETIQUETA PRODUCTOS/07. MARTXOA/Escaneado_20260313-1255.pdf: Duplicate object found in source - ignoring
2026/05/23 14:05:37 NOTICE: 2.📚 ANTOLAKUNTZARAKO/16. IKASTURTEKO EBALUAZIOAK/JANTOKIKO TXOSTENAK/TXOSTENA HH／LH/BAZKALTIAR BAKOITZAREN JANTOKI-TXOSTENA HH／LH/AIARA VARONA MARTINEZ.docx: Duplicate object found in source - ignoring
2026/05/23 14:05:38 NOTICE: 2.📚 ANTOLAKUNTZARAKO/6. KOBRANTZAK-ORDAINKETAK/1. KOBRANTZAK BBK/2. ORDAINKETA-GUTUNA/0.PENDIENTES CON DEUDA/CRISTIAN CASTELLON GONZALEZ 2025-26/CRISTIAN ANTONIO CASTELLON GONZALEZ-CARTA DE PAGO POR RECIBOS PENDIENTES COMEDOR CURSO 2025／26.docx: Duplicate object found in source - ignoring
2026/05/23 14:05:38 NOTICE: 3.🍽  APPCC/1. APPCC/01. REG. TRAZABILIDAD-PRODUCCION/0. FOTOS ETIQUETA PRODUCTOS/08. APIRILA/Escaneado_20260428-0904.pdf: Duplicate object found in source - ignoring
2026/05/23 14:05:39 NOTICE: 2.📚 ANTOLAKUNTZARAKO/12. BESTE/FORMAKUNTZA/DIGICURRI/2. MODULUA/3. ATAZA/Orientazio-lasterketak hiztegia (respuestas).xlsx: Duplicate object found in source - ignoring
2026/05/23 14:05:41 NOTICE: 2.📚 ANTOLAKUNTZARAKO/11. AUSOLAN/BEGIRALEAK/REGISTRO DE TAQUILLAS PERSONAL MONITOR (File responses)/Firma este formulario (File responses)/20211112_114001 - Begiraleak Jantoki.jpg: Duplicate object found in source - ignoring
2026/05/23 14:05:41 NOTICE: 2.📚 ANTOLAKUNTZARAKO/11. AUSOLAN/BEGIRALEAK/REGISTRO DE TAQUILLAS PERSONAL MONITOR (File responses)/Firma este formulario (File responses)/IMG20211112123920 - Begiraleak Jantoki.jpg: Duplicate object found in source - ignoring
2026/05/23 14:05:41 NOTICE: 2.📚 ANTOLAKUNTZARAKO/11. AUSOLAN/BEGIRALEAK/REGISTRO DE TAQUILLAS PERSONAL MONITOR (File responses)/Firma este formulario (File responses)/IMG20211112123920 - Begiraleak Jantoki.jpg: Duplicate object found in source - ignoring
2026/05/23 14:05:41 NOTICE: 2.📚 ANTOLAKUNTZARAKO/11. AUSOLAN/BEGIRALEAK/REGISTRO DE TAQUILLAS PERSONAL MONITOR (File responses)/Firma este formulario (File responses)/IMG_20211112_113950 - Begiraleak Jantoki.jpg: Duplicate object found in source - ignoring
2026/05/23 14:05:41 NOTICE: 2.📚 ANTOLAKUNTZARAKO/11. AUSOLAN/BEGIRALEAK/REGISTRO DE TAQUILLAS PERSONAL MONITOR (File responses)/Firma este formulario (File responses)/IMG_20211112_123910 - Begiraleak Jantoki.jpg: Duplicate object found in source - ignoring
2026/05/23 14:05:41 NOTICE: 2.📚 ANTOLAKUNTZARAKO/11. AUSOLAN/BEGIRALEAK/REGISTRO DE TAQUILLAS PERSONAL MONITOR (File responses)/Firma este formulario (File responses)/IMG_20211112_124038 - Begiraleak Jantoki.jpg: Duplicate object found in source - ignoring
2026/05/23 14:05:41 NOTICE: 2.📚 ANTOLAKUNTZARAKO/11. AUSOLAN/BEGIRALEAK/REGISTRO DE TAQUILLAS PERSONAL MONITOR (File responses)/Firma este formulario (File responses)/IMG_20211112_124038 - Begiraleak Jantoki.jpg: Duplicate object found in source - ignoring
2026/05/23 14:05:41 NOTICE: 2.📚 ANTOLAKUNTZARAKO/11. AUSOLAN/BEGIRALEAK/REGISTRO DE TAQUILLAS PERSONAL MONITOR (File responses)/Firma este formulario (File responses)/Notes_220609_190045_51c - Begiraleak Jantoki.jpg: Duplicate object found in source - ignoring
2026/05/23 14:05:41 NOTICE: 2.📚 ANTOLAKUNTZARAKO/11. AUSOLAN/BEGIRALEAK/REGISTRO DE TAQUILLAS PERSONAL MONITOR (File responses)/Firma este formulario (File responses)/firma - Begiraleak Jantoki.jpg: Duplicate object found in source - ignoring
2026/05/23 14:05:48 NOTICE: 2.📚 ANTOLAKUNTZARAKO/4. MENUAK/5. DIETAS PIZARRA DIGITAL COMEDOR/08. APIRILA/PIZARRA COMEDOR.pptx: Duplicate object found in source - ignoring
2026/05/23 14:05:50 NOTICE: 2.📚 ANTOLAKUNTZARAKO/4. MENUAK/5. DIETAS PIZARRA DIGITAL COMEDOR/09. MAIATZA/PIZARRA COMEDOR 202605.pptx: Duplicate object found in source - ignoring
2026/05/23 14:05:50 NOTICE: 3.🍽  APPCC/4. APPCC Rev 03 202223/3. REGISTRO MATERIAS PRIMAS/1. EMATE-AGIRIAK/1. URRIA/Escaneado_ 20221025-0926.pdf: Duplicate object found in source - ignoring
2026/05/23 14:06:00 INFO  : 
Transferred:   	  572.280 KiB / 572.280 KiB, 100%, 143.241 KiB/s, ETA 0s
Checks:              4064 / 4064, 100%, Listed 9529
Transferred:            4 / 4, 100%
Elapsed time:       2m0.0s

2026/05/23 14:06:25 NOTICE: 3.🍽  APPCC/4. APPCC Rev 03 202223/7. FICHAS TÉCNICAS DE PLATOS/FICHAS DE PLATOS/1. DIETA BASAL/DIETA BASAL 1ER PLATO/Fideuá con verduras: Duplicate object found in source - ignoring
2026/05/23 14:06:30 NOTICE: 3.🍽  APPCC/4. APPCC Rev 03 202223/7. FICHAS TÉCNICAS DE PLATOS/FICHAS DE PLATOS/1. DIETA BASAL/DIETA BASAL 2º PLATO/Salmón al horno con lechuga: Duplicate object found in source - ignoring
2026/05/23 14:06:39 NOTICE: 3.🍽  APPCC/4. APPCC Rev 03 202223/7. FICHAS TÉCNICAS DE PLATOS/FICHAS DE PLATOS/3. DIETAS ESPECIALES/DIETAS ESPECIALES 2º PLATO/Lomo fresco plancha con champiñones: Duplicate object found in source - ignoring
2026/05/23 14:06:39 NOTICE: 3.🍽  APPCC/4. APPCC Rev 03 202223/7. FICHAS TÉCNICAS DE PLATOS/FICHAS DE PLATOS/3. DIETAS ESPECIALES/DIETAS ESPECIALES 2º PLATO/Merluza al horno con zanahorias: Duplicate object found in source - ignoring
2026/05/23 14:06:39 INFO  : 2.📚 ANTOLAKUNTZARAKO/4. MENUAK/4. PICNIC: Set directory modification time (using SetModTime)
2026/05/23 14:06:39 INFO  : 2.📚 ANTOLAKUNTZARAKO/4. MENUAK: Set directory modification time (using SetModTime)
2026/05/23 14:06:39 INFO  : 2.📚 ANTOLAKUNTZARAKO/13. I.J.E.O JANTOKIA: Set directory modification time (using SetModTime)
2026/05/23 14:06:39 INFO  : 2.📚 ANTOLAKUNTZARAKO: Set directory modification time (using SetModTime)
2026/05/23 14:06:39 INFO  : 
Transferred:   	  572.280 KiB / 572.280 KiB, 100%, 143.241 KiB/s, ETA 0s
Checks:              4738 / 4738, 100%, Listed 10844
Transferred:            4 / 4, 100%
Elapsed time:      2m38.5s

[2026-05-23 14:06:39] Sincronización finalizada.
--------------------------------------------------
[2026-05-23 14:19:42] Iniciando sincronización en espejo...
2026/05/23 14:19:43 NOTICE: Documento sin título.docx: Duplicate object found in source - ignoring
2026/05/23 14:19:43 NOTICE: Documento sin título.docx: Duplicate object found in source - ignoring
2026/05/23 14:19:43 NOTICE: Documento sin título.docx: Duplicate object found in source - ignoring
2026/05/23 14:19:43 NOTICE: REUNI.mp3: Duplicate object found in source - ignoring
2026/05/23 14:19:44 NOTICE: 2.📚 ANTOLAKUNTZARAKO/0. DOKUMENTUAK/REGISTRO ENTRADA MATERIAS PRIMAS PARA COCINA.docx: Duplicate object found in source - ignoring
2026/05/23 14:19:44 NOTICE: 3.🍽  APPCC/1. APPCC/0. MANUAL SISTEMA APPCC/NUEVO MANUAL APPCC 202526.docx: Duplicate object found in source - ignoring
2026/05/23 14:19:46 INFO  : 2.📚 ANTOLAKUNTZARAKO/13. I.J.E.O JANTOKIA/I.J.E.O. JANTOKIA 2025-26.xlsx: Copied (Rcat, replaced existing)
2026/05/23 14:19:46 NOTICE: 2.📚 ANTOLAKUNTZARAKO/4. MENUAK/1. MENU TIPOAK/GOMENDIOAK SCOLAREST MENURAKO.pdf: Duplicate object found in source - ignoring
2026/05/23 14:19:47 NOTICE: 2.📚 ANTOLAKUNTZARAKO/1. IZEN-EMATEA/JANTOKI ZERBITZURAKO IZEN EMATEA      INSCRIPCIÓN  SERVICIO  DE  COMEDOR (File responses)/HIRUGARRENAREN ALTA ／ ALTA DE TERCEROS (matrikula berriak bakarrik edo kontu aldaketak／solo nuevas matrículas o cambios de cuenta) (File responses)/ALTA TERCEROS COMEDOR - burgos zorrilla.pdf: Duplicate object found in source - ignoring
2026/05/23 14:19:47 NOTICE: 2.📚 ANTOLAKUNTZARAKO/1. IZEN-EMATEA/JANTOKI ZERBITZURAKO IZEN EMATEA      INSCRIPCIÓN  SERVICIO  DE  COMEDOR (File responses)/HIRUGARRENAREN ALTA ／ ALTA DE TERCEROS (matrikula berriak bakarrik edo kontu aldaketak／solo nuevas matrículas o cambios de cuenta) (File responses)/comedor IERA - FERNÁNDEZ DELGADO IERA.pdf: Duplicate object found in source - ignoring
2026/05/23 14:19:48 NOTICE: 3.🍽  APPCC/1. APPCC/01. REG. TRAZABILIDAD-PRODUCCION/0. FOTOS ETIQUETA PRODUCTOS/02. URRIA/Escaneado_20251031-1323.pdf: Duplicate object found in source - ignoring
2026/05/23 14:19:48 NOTICE: 2.📚 ANTOLAKUNTZARAKO/0. DOKUMENTUAK/BIZIKASI/Formación Personal no Docente_BAT.pptx: Duplicate object found in source - ignoring
2026/05/23 14:19:51 INFO  : 2.📚 ANTOLAKUNTZARAKO/4. MENUAK/4. PICNIC/EXCURSIONES CON PICNIC 2025-26.docx: Copied (Rcat, replaced existing)
2026/05/23 14:19:52 NOTICE: 3.🍽  APPCC/4. APPCC Rev 03 202223/1. REGISTRO TRAZABILIDAD/FOTOS ETIQUETA PRODUCTOS/2. URRIA/Escaneado_ 20221018-0924.pdf: Duplicate object found in source - ignoring
2026/05/23 14:20:03 NOTICE: 2.📚 ANTOLAKUNTZARAKO/16. IKASTURTEKO EBALUAZIOAK/JANTOKIKO TXOSTENAK/TXOSTENA HH／LH/INDICACIONES PARA CUMPLIMENTAR INFORMES DE EVALUACIÓN TRIMESTRAL HH-LH.docx (Converted - 2024-11-27 12:39).docx: Duplicate object found in source - ignoring
2026/05/23 14:20:08 NOTICE: 2.📚 ANTOLAKUNTZARAKO/6. KOBRANTZAK-ORDAINKETAK/1. KOBRANTZAK BBK/2. ORDAINKETA-GUTUNA/0.PENDIENTES CON DEUDA/AMIR QADA/AMIR QADA-ABONADO-CARTA DE PAGO POR RECIBOS PENDIENTES COMEDOR CURSO 2024／25.docx: Duplicate object found in source - ignoring
2026/05/23 14:20:39 NOTICE: 3.🍽  APPCC/4. APPCC Rev 03 202223/14. REGISTRO ENTREGA BPMs/LECTURA DE BPMs Y VIGENCIA DE LA FORMACIÓN (personal monitor) (File responses)/Firma este formulario (File responses)/FIRMA Ana - Begiraleak Jantoki.jpg: Duplicate object found in source - ignoring
2026/05/23 14:20:40 NOTICE: 2.📚 ANTOLAKUNTZARAKO/12. BESTE/KONPONKETAK/Fotos panel arcón/20190523_122532.jpg: Duplicate object found in source - ignoring
2026/05/23 14:20:40 NOTICE: 2.📚 ANTOLAKUNTZARAKO/12. BESTE/KONPONKETAK/Fotos panel arcón/20190523_122539.jpg: Duplicate object found in source - ignoring
2026/05/23 14:20:40 NOTICE: 2.📚 ANTOLAKUNTZARAKO/12. BESTE/KONPONKETAK/Fotos panel arcón/20190523_122707.jpg: Duplicate object found in source - ignoring
2026/05/23 14:20:40 NOTICE: 2.📚 ANTOLAKUNTZARAKO/12. BESTE/KONPONKETAK/Fotos panel arcón/20190527_103540.jpg: Duplicate object found in source - ignoring
2026/05/23 14:20:40 NOTICE: 2.📚 ANTOLAKUNTZARAKO/12. BESTE/KONPONKETAK/Fotos panel arcón/20190527_103540.jpg: Duplicate object found in source - ignoring
2026/05/23 14:20:40 NOTICE: 2.📚 ANTOLAKUNTZARAKO/12. BESTE/KONPONKETAK/Fotos panel arcón/20190527_103551.jpg: Duplicate object found in source - ignoring
2026/05/23 14:20:40 NOTICE: 2.📚 ANTOLAKUNTZARAKO/12. BESTE/KONPONKETAK/Fotos panel arcón/20190527_103551.jpg: Duplicate object found in source - ignoring
2026/05/23 14:20:40 NOTICE: 3.🍽  APPCC/1. APPCC/01. REG. TRAZABILIDAD-PRODUCCION/0. FOTOS ETIQUETA PRODUCTOS/07. MARTXOA/Escaneado_20260313-1255.pdf: Duplicate object found in source - ignoring
2026/05/23 14:20:41 NOTICE: 3.🍽  APPCC/4. APPCC Rev 03 202223/13. REGISTRO DE FORMACIÓN/CERTIFICADOS DE MONITORAS/2022／23/MARIA MONTSERRAT MUNTE DOMENECH/Escaneado_ 20221107-1424.pdf: Duplicate object found in source - ignoring
2026/05/23 14:20:41 NOTICE: 3.🍽  APPCC/4. APPCC Rev 03 202223/13. REGISTRO DE FORMACIÓN/CERTIFICADOS DE MONITORAS/2022／23/MARIA MONTSERRAT MUNTE DOMENECH/Escaneado_ 20221107-1425.pdf: Duplicate object found in source - ignoring
2026/05/23 14:20:41 NOTICE: 2.📚 ANTOLAKUNTZARAKO/16. IKASTURTEKO EBALUAZIOAK/JANTOKIKO TXOSTENAK/TXOSTENA HH／LH/BAZKALTIAR BAKOITZAREN JANTOKI-TXOSTENA HH／LH/AIARA VARONA MARTINEZ.docx: Duplicate object found in source - ignoring
2026/05/23 14:20:43 INFO  : 
Transferred:   	  572.171 KiB / 572.171 KiB, 100%, 107.434 KiB/s, ETA 0s
Checks:              2688 / 2688, 100%, Listed 6550
Transferred:            4 / 4, 100%
Elapsed time:       1m0.0s

2026/05/23 14:20:45 NOTICE: 3.🍽  APPCC/1. APPCC/01. REG. TRAZABILIDAD-PRODUCCION/0. FOTOS ETIQUETA PRODUCTOS/08. APIRILA/Escaneado_20260428-0904.pdf: Duplicate object found in source - ignoring
2026/05/23 14:20:47 NOTICE: 2.📚 ANTOLAKUNTZARAKO/11. AUSOLAN/BEGIRALEAK/REGISTRO DE TAQUILLAS PERSONAL MONITOR (File responses)/Firma este formulario (File responses)/20211112_114001 - Begiraleak Jantoki.jpg: Duplicate object found in source - ignoring
2026/05/23 14:20:47 NOTICE: 2.📚 ANTOLAKUNTZARAKO/11. AUSOLAN/BEGIRALEAK/REGISTRO DE TAQUILLAS PERSONAL MONITOR (File responses)/Firma este formulario (File responses)/IMG20211112123920 - Begiraleak Jantoki.jpg: Duplicate object found in source - ignoring
2026/05/23 14:20:47 NOTICE: 2.📚 ANTOLAKUNTZARAKO/11. AUSOLAN/BEGIRALEAK/REGISTRO DE TAQUILLAS PERSONAL MONITOR (File responses)/Firma este formulario (File responses)/IMG20211112123920 - Begiraleak Jantoki.jpg: Duplicate object found in source - ignoring
2026/05/23 14:20:47 NOTICE: 2.📚 ANTOLAKUNTZARAKO/11. AUSOLAN/BEGIRALEAK/REGISTRO DE TAQUILLAS PERSONAL MONITOR (File responses)/Firma este formulario (File responses)/IMG_20211112_113950 - Begiraleak Jantoki.jpg: Duplicate object found in source - ignoring
2026/05/23 14:20:47 NOTICE: 2.📚 ANTOLAKUNTZARAKO/11. AUSOLAN/BEGIRALEAK/REGISTRO DE TAQUILLAS PERSONAL MONITOR (File responses)/Firma este formulario (File responses)/IMG_20211112_123910 - Begiraleak Jantoki.jpg: Duplicate object found in source - ignoring
2026/05/23 14:20:47 NOTICE: 2.📚 ANTOLAKUNTZARAKO/11. AUSOLAN/BEGIRALEAK/REGISTRO DE TAQUILLAS PERSONAL MONITOR (File responses)/Firma este formulario (File responses)/IMG_20211112_124038 - Begiraleak Jantoki.jpg: Duplicate object found in source - ignoring
2026/05/23 14:20:47 NOTICE: 2.📚 ANTOLAKUNTZARAKO/11. AUSOLAN/BEGIRALEAK/REGISTRO DE TAQUILLAS PERSONAL MONITOR (File responses)/Firma este formulario (File responses)/IMG_20211112_124038 - Begiraleak Jantoki.jpg: Duplicate object found in source - ignoring
2026/05/23 14:20:47 NOTICE: 2.📚 ANTOLAKUNTZARAKO/11. AUSOLAN/BEGIRALEAK/REGISTRO DE TAQUILLAS PERSONAL MONITOR (File responses)/Firma este formulario (File responses)/Notes_220609_190045_51c - Begiraleak Jantoki.jpg: Duplicate object found in source - ignoring
2026/05/23 14:20:47 NOTICE: 2.📚 ANTOLAKUNTZARAKO/11. AUSOLAN/BEGIRALEAK/REGISTRO DE TAQUILLAS PERSONAL MONITOR (File responses)/Firma este formulario (File responses)/firma - Begiraleak Jantoki.jpg: Duplicate object found in source - ignoring
2026/05/23 14:20:47 NOTICE: 2.📚 ANTOLAKUNTZARAKO/6. KOBRANTZAK-ORDAINKETAK/1. KOBRANTZAK BBK/2. ORDAINKETA-GUTUNA/0.PENDIENTES CON DEUDA/CRISTIAN CASTELLON GONZALEZ 2025-26/CRISTIAN ANTONIO CASTELLON GONZALEZ-CARTA DE PAGO POR RECIBOS PENDIENTES COMEDOR CURSO 2025／26.docx: Duplicate object found in source - ignoring
2026/05/23 14:20:48 NOTICE: 2.📚 ANTOLAKUNTZARAKO/12. BESTE/FORMAKUNTZA/DIGICURRI/2. MODULUA/3. ATAZA/Orientazio-lasterketak hiztegia (respuestas).xlsx: Duplicate object found in source - ignoring
2026/05/23 14:20:51 NOTICE: 2.📚 ANTOLAKUNTZARAKO/4. MENUAK/5. DIETAS PIZARRA DIGITAL COMEDOR/08. APIRILA/PIZARRA COMEDOR.pptx: Duplicate object found in source - ignoring
2026/05/23 14:20:52 NOTICE: 2.📚 ANTOLAKUNTZARAKO/4. MENUAK/5. DIETAS PIZARRA DIGITAL COMEDOR/09. MAIATZA/PIZARRA COMEDOR 202605.pptx: Duplicate object found in source - ignoring
2026/05/23 14:20:56 NOTICE: 3.🍽  APPCC/4. APPCC Rev 03 202223/3. REGISTRO MATERIAS PRIMAS/1. EMATE-AGIRIAK/1. URRIA/Escaneado_ 20221025-0926.pdf: Duplicate object found in source - ignoring
2026/05/23 14:21:05 NOTICE: 3.🍽  APPCC/4. APPCC Rev 03 202223/7. FICHAS TÉCNICAS DE PLATOS/FICHAS DE PLATOS/1. DIETA BASAL/DIETA BASAL 1ER PLATO/Fideuá con verduras: Duplicate object found in source - ignoring
2026/05/23 14:21:06 NOTICE: 3.🍽  APPCC/4. APPCC Rev 03 202223/7. FICHAS TÉCNICAS DE PLATOS/FICHAS DE PLATOS/1. DIETA BASAL/DIETA BASAL 2º PLATO/Salmón al horno con lechuga: Duplicate object found in source - ignoring
2026/05/23 14:21:18 NOTICE: 3.🍽  APPCC/4. APPCC Rev 03 202223/7. FICHAS TÉCNICAS DE PLATOS/FICHAS DE PLATOS/3. DIETAS ESPECIALES/DIETAS ESPECIALES 2º PLATO/Lomo fresco plancha con champiñones: Duplicate object found in source - ignoring
2026/05/23 14:21:18 NOTICE: 3.🍽  APPCC/4. APPCC Rev 03 202223/7. FICHAS TÉCNICAS DE PLATOS/FICHAS DE PLATOS/3. DIETAS ESPECIALES/DIETAS ESPECIALES 2º PLATO/Merluza al horno con zanahorias: Duplicate object found in source - ignoring
2026/05/23 14:21:33 INFO  : 2.📚 ANTOLAKUNTZARAKO/4. MENUAK/4. PICNIC: Set directory modification time (using SetModTime)
2026/05/23 14:21:33 INFO  : 2.📚 ANTOLAKUNTZARAKO/4. MENUAK: Set directory modification time (using SetModTime)
2026/05/23 14:21:33 INFO  : 2.📚 ANTOLAKUNTZARAKO/13. I.J.E.O JANTOKIA: Set directory modification time (using SetModTime)
2026/05/23 14:21:33 INFO  : 2.📚 ANTOLAKUNTZARAKO: Set directory modification time (using SetModTime)
2026/05/23 14:21:33 INFO  : 
Transferred:   	  572.171 KiB / 572.171 KiB, 100%, 107.434 KiB/s, ETA 0s
Checks:              4738 / 4738, 100%, Listed 10844
Transferred:            4 / 4, 100%
Elapsed time:      1m50.4s

[2026-05-23 14:21:33] Sincronización finalizada.
--------------------------------------------------
[2026-05-23 14:34:58] Iniciando sincronización en espejo...
2026/05/23 14:34:59 NOTICE: Documento sin título.docx: Duplicate object found in source - ignoring
2026/05/23 14:34:59 NOTICE: Documento sin título.docx: Duplicate object found in source - ignoring
2026/05/23 14:34:59 NOTICE: Documento sin título.docx: Duplicate object found in source - ignoring
2026/05/23 14:34:59 NOTICE: REUNI.mp3: Duplicate object found in source - ignoring
2026/05/23 14:35:00 NOTICE: 2.📚 ANTOLAKUNTZARAKO/0. DOKUMENTUAK/REGISTRO ENTRADA MATERIAS PRIMAS PARA COCINA.docx: Duplicate object found in source - ignoring
2026/05/23 14:35:01 NOTICE: 2.📚 ANTOLAKUNTZARAKO/4. MENUAK/1. MENU TIPOAK/GOMENDIOAK SCOLAREST MENURAKO.pdf: Duplicate object found in source - ignoring
2026/05/23 14:35:01 NOTICE: 3.🍽  APPCC/1. APPCC/0. MANUAL SISTEMA APPCC/NUEVO MANUAL APPCC 202526.docx: Duplicate object found in source - ignoring
2026/05/23 14:35:02 NOTICE: 2.📚 ANTOLAKUNTZARAKO/1. IZEN-EMATEA/JANTOKI ZERBITZURAKO IZEN EMATEA      INSCRIPCIÓN  SERVICIO  DE  COMEDOR (File responses)/HIRUGARRENAREN ALTA ／ ALTA DE TERCEROS (matrikula berriak bakarrik edo kontu aldaketak／solo nuevas matrículas o cambios de cuenta) (File responses)/ALTA TERCEROS COMEDOR - burgos zorrilla.pdf: Duplicate object found in source - ignoring
2026/05/23 14:35:02 NOTICE: 2.📚 ANTOLAKUNTZARAKO/1. IZEN-EMATEA/JANTOKI ZERBITZURAKO IZEN EMATEA      INSCRIPCIÓN  SERVICIO  DE  COMEDOR (File responses)/HIRUGARRENAREN ALTA ／ ALTA DE TERCEROS (matrikula berriak bakarrik edo kontu aldaketak／solo nuevas matrículas o cambios de cuenta) (File responses)/comedor IERA - FERNÁNDEZ DELGADO IERA.pdf: Duplicate object found in source - ignoring
2026/05/23 14:35:04 NOTICE: 2.📚 ANTOLAKUNTZARAKO/0. DOKUMENTUAK/BIZIKASI/Formación Personal no Docente_BAT.pptx: Duplicate object found in source - ignoring
2026/05/23 14:35:04 INFO  : 2.📚 ANTOLAKUNTZARAKO/4. MENUAK/4. PICNIC/EXCURSIONES CON PICNIC 2025-26.docx: Copied (Rcat, replaced existing)
2026/05/23 14:35:08 INFO  : Signal received: terminated
2026/05/23 14:35:08 INFO  : Exiting...
[2026-05-23 15:49:02] Iniciando sincronización en espejo...
2026/05/23 15:49:03 NOTICE: Documento sin título.docx: Duplicate object found in source - ignoring
2026/05/23 15:49:03 NOTICE: Documento sin título.docx: Duplicate object found in source - ignoring
2026/05/23 15:49:03 NOTICE: Documento sin título.docx: Duplicate object found in source - ignoring
2026/05/23 15:49:03 NOTICE: REUNI.mp3: Duplicate object found in source - ignoring
2026/05/23 15:49:04 NOTICE: 2.📚 ANTOLAKUNTZARAKO/0. DOKUMENTUAK/REGISTRO ENTRADA MATERIAS PRIMAS PARA COCINA.docx: Duplicate object found in source - ignoring
2026/05/23 15:49:05 NOTICE: 3.🍽  APPCC/1. APPCC/0. MANUAL SISTEMA APPCC/NUEVO MANUAL APPCC 202526.docx: Duplicate object found in source - ignoring
2026/05/23 15:49:24 INFO  : 2.📚 ANTOLAKUNTZARAKO/4. MENUAK/4. PICNIC: Set directory modification time (using SetModTime)
2026/05/23 15:49:42 NOTICE: 2.📚 ANTOLAKUNTZARAKO/4. MENUAK/1. MENU TIPOAK/GOMENDIOAK SCOLAREST MENURAKO.pdf: Duplicate object found in source - ignoring
2026/05/23 15:49:44 NOTICE: 2.📚 ANTOLAKUNTZARAKO/1. IZEN-EMATEA/JANTOKI ZERBITZURAKO IZEN EMATEA      INSCRIPCIÓN  SERVICIO  DE  COMEDOR (File responses)/HIRUGARRENAREN ALTA ／ ALTA DE TERCEROS (matrikula berriak bakarrik edo kontu aldaketak／solo nuevas matrículas o cambios de cuenta) (File responses)/ALTA TERCEROS COMEDOR - burgos zorrilla.pdf: Duplicate object found in source - ignoring
2026/05/23 15:49:44 NOTICE: 2.📚 ANTOLAKUNTZARAKO/1. IZEN-EMATEA/JANTOKI ZERBITZURAKO IZEN EMATEA      INSCRIPCIÓN  SERVICIO  DE  COMEDOR (File responses)/HIRUGARRENAREN ALTA ／ ALTA DE TERCEROS (matrikula berriak bakarrik edo kontu aldaketak／solo nuevas matrículas o cambios de cuenta) (File responses)/comedor IERA - FERNÁNDEZ DELGADO IERA.pdf: Duplicate object found in source - ignoring
2026/05/23 15:49:45 NOTICE: 3.🍽  APPCC/1. APPCC/01. REG. TRAZABILIDAD-PRODUCCION/0. FOTOS ETIQUETA PRODUCTOS/02. URRIA/Escaneado_20251031-1323.pdf: Duplicate object found in source - ignoring
2026/05/23 15:49:45 NOTICE: 2.📚 ANTOLAKUNTZARAKO/0. DOKUMENTUAK/BIZIKASI/Formación Personal no Docente_BAT.pptx: Duplicate object found in source - ignoring
2026/05/23 15:49:46 NOTICE: 3.🍽  APPCC/4. APPCC Rev 03 202223/1. REGISTRO TRAZABILIDAD/FOTOS ETIQUETA PRODUCTOS/2. URRIA/Escaneado_ 20221018-0924.pdf: Duplicate object found in source - ignoring
2026/05/23 15:49:53 NOTICE: 2.📚 ANTOLAKUNTZARAKO/6. KOBRANTZAK-ORDAINKETAK/1. KOBRANTZAK BBK/2. ORDAINKETA-GUTUNA/0.PENDIENTES CON DEUDA/AMIR QADA/AMIR QADA-ABONADO-CARTA DE PAGO POR RECIBOS PENDIENTES COMEDOR CURSO 2024／25.docx: Duplicate object found in source - ignoring
2026/05/23 15:49:55 NOTICE: 2.📚 ANTOLAKUNTZARAKO/16. IKASTURTEKO EBALUAZIOAK/JANTOKIKO TXOSTENAK/TXOSTENA HH／LH/INDICACIONES PARA CUMPLIMENTAR INFORMES DE EVALUACIÓN TRIMESTRAL HH-LH.docx (Converted - 2024-11-27 12:39).docx: Duplicate object found in source - ignoring
2026/05/23 15:49:59 NOTICE: 3.🍽  APPCC/4. APPCC Rev 03 202223/14. REGISTRO ENTREGA BPMs/LECTURA DE BPMs Y VIGENCIA DE LA FORMACIÓN (personal monitor) (File responses)/Firma este formulario (File responses)/FIRMA Ana - Begiraleak Jantoki.jpg: Duplicate object found in source - ignoring
2026/05/23 15:50:00 NOTICE: 3.🍽  APPCC/4. APPCC Rev 03 202223/13. REGISTRO DE FORMACIÓN/CERTIFICADOS DE MONITORAS/2022／23/MARIA MONTSERRAT MUNTE DOMENECH/Escaneado_ 20221107-1424.pdf: Duplicate object found in source - ignoring
2026/05/23 15:50:00 NOTICE: 3.🍽  APPCC/4. APPCC Rev 03 202223/13. REGISTRO DE FORMACIÓN/CERTIFICADOS DE MONITORAS/2022／23/MARIA MONTSERRAT MUNTE DOMENECH/Escaneado_ 20221107-1425.pdf: Duplicate object found in source - ignoring
2026/05/23 15:50:00 NOTICE: 3.🍽  APPCC/1. APPCC/01. REG. TRAZABILIDAD-PRODUCCION/0. FOTOS ETIQUETA PRODUCTOS/07. MARTXOA/Escaneado_20260313-1255.pdf: Duplicate object found in source - ignoring
2026/05/23 15:50:02 NOTICE: 2.📚 ANTOLAKUNTZARAKO/6. KOBRANTZAK-ORDAINKETAK/1. KOBRANTZAK BBK/2. ORDAINKETA-GUTUNA/0.PENDIENTES CON DEUDA/CRISTIAN CASTELLON GONZALEZ 2025-26/CRISTIAN ANTONIO CASTELLON GONZALEZ-CARTA DE PAGO POR RECIBOS PENDIENTES COMEDOR CURSO 2025／26.docx: Duplicate object found in source - ignoring
2026/05/23 15:50:02 NOTICE: 2.📚 ANTOLAKUNTZARAKO/16. IKASTURTEKO EBALUAZIOAK/JANTOKIKO TXOSTENAK/TXOSTENA HH／LH/BAZKALTIAR BAKOITZAREN JANTOKI-TXOSTENA HH／LH/AIARA VARONA MARTINEZ.docx: Duplicate object found in source - ignoring
2026/05/23 15:50:03 INFO  : 
Transferred:   	          0 B / 0 B, -, 0 B/s, ETA -
Checks:              2620 / 2620, 100%, Listed 6413
Elapsed time:       1m0.0s

2026/05/23 15:50:17 NOTICE: 2.📚 ANTOLAKUNTZARAKO/11. AUSOLAN/BEGIRALEAK/REGISTRO DE TAQUILLAS PERSONAL MONITOR (File responses)/Firma este formulario (File responses)/20211112_114001 - Begiraleak Jantoki.jpg: Duplicate object found in source - ignoring
2026/05/23 15:50:17 NOTICE: 2.📚 ANTOLAKUNTZARAKO/11. AUSOLAN/BEGIRALEAK/REGISTRO DE TAQUILLAS PERSONAL MONITOR (File responses)/Firma este formulario (File responses)/IMG20211112123920 - Begiraleak Jantoki.jpg: Duplicate object found in source - ignoring
2026/05/23 15:50:17 NOTICE: 2.📚 ANTOLAKUNTZARAKO/11. AUSOLAN/BEGIRALEAK/REGISTRO DE TAQUILLAS PERSONAL MONITOR (File responses)/Firma este formulario (File responses)/IMG20211112123920 - Begiraleak Jantoki.jpg: Duplicate object found in source - ignoring
2026/05/23 15:50:17 NOTICE: 2.📚 ANTOLAKUNTZARAKO/11. AUSOLAN/BEGIRALEAK/REGISTRO DE TAQUILLAS PERSONAL MONITOR (File responses)/Firma este formulario (File responses)/IMG_20211112_113950 - Begiraleak Jantoki.jpg: Duplicate object found in source - ignoring
2026/05/23 15:50:17 NOTICE: 2.📚 ANTOLAKUNTZARAKO/11. AUSOLAN/BEGIRALEAK/REGISTRO DE TAQUILLAS PERSONAL MONITOR (File responses)/Firma este formulario (File responses)/IMG_20211112_123910 - Begiraleak Jantoki.jpg: Duplicate object found in source - ignoring
2026/05/23 15:50:17 NOTICE: 2.📚 ANTOLAKUNTZARAKO/11. AUSOLAN/BEGIRALEAK/REGISTRO DE TAQUILLAS PERSONAL MONITOR (File responses)/Firma este formulario (File responses)/IMG_20211112_124038 - Begiraleak Jantoki.jpg: Duplicate object found in source - ignoring
2026/05/23 15:50:17 NOTICE: 2.📚 ANTOLAKUNTZARAKO/11. AUSOLAN/BEGIRALEAK/REGISTRO DE TAQUILLAS PERSONAL MONITOR (File responses)/Firma este formulario (File responses)/IMG_20211112_124038 - Begiraleak Jantoki.jpg: Duplicate object found in source - ignoring
2026/05/23 15:50:17 NOTICE: 2.📚 ANTOLAKUNTZARAKO/11. AUSOLAN/BEGIRALEAK/REGISTRO DE TAQUILLAS PERSONAL MONITOR (File responses)/Firma este formulario (File responses)/Notes_220609_190045_51c - Begiraleak Jantoki.jpg: Duplicate object found in source - ignoring
2026/05/23 15:50:17 NOTICE: 2.📚 ANTOLAKUNTZARAKO/11. AUSOLAN/BEGIRALEAK/REGISTRO DE TAQUILLAS PERSONAL MONITOR (File responses)/Firma este formulario (File responses)/firma - Begiraleak Jantoki.jpg: Duplicate object found in source - ignoring
2026/05/23 15:50:20 NOTICE: 3.🍽  APPCC/1. APPCC/01. REG. TRAZABILIDAD-PRODUCCION/0. FOTOS ETIQUETA PRODUCTOS/08. APIRILA/Escaneado_20260428-0904.pdf: Duplicate object found in source - ignoring
2026/05/23 15:50:30 NOTICE: 2.📚 ANTOLAKUNTZARAKO/12. BESTE/KONPONKETAK/Fotos panel arcón/20190523_122532.jpg: Duplicate object found in source - ignoring
2026/05/23 15:50:30 NOTICE: 2.📚 ANTOLAKUNTZARAKO/12. BESTE/KONPONKETAK/Fotos panel arcón/20190523_122539.jpg: Duplicate object found in source - ignoring
2026/05/23 15:50:30 NOTICE: 2.📚 ANTOLAKUNTZARAKO/12. BESTE/KONPONKETAK/Fotos panel arcón/20190523_122707.jpg: Duplicate object found in source - ignoring
2026/05/23 15:50:30 NOTICE: 2.📚 ANTOLAKUNTZARAKO/12. BESTE/KONPONKETAK/Fotos panel arcón/20190527_103540.jpg: Duplicate object found in source - ignoring
2026/05/23 15:50:30 NOTICE: 2.📚 ANTOLAKUNTZARAKO/12. BESTE/KONPONKETAK/Fotos panel arcón/20190527_103540.jpg: Duplicate object found in source - ignoring
2026/05/23 15:50:30 NOTICE: 2.📚 ANTOLAKUNTZARAKO/12. BESTE/KONPONKETAK/Fotos panel arcón/20190527_103551.jpg: Duplicate object found in source - ignoring
2026/05/23 15:50:30 NOTICE: 2.📚 ANTOLAKUNTZARAKO/12. BESTE/KONPONKETAK/Fotos panel arcón/20190527_103551.jpg: Duplicate object found in source - ignoring
2026/05/23 15:50:32 NOTICE: 2.📚 ANTOLAKUNTZARAKO/12. BESTE/FORMAKUNTZA/DIGICURRI/2. MODULUA/3. ATAZA/Orientazio-lasterketak hiztegia (respuestas).xlsx: Duplicate object found in source - ignoring
2026/05/23 15:50:35 NOTICE: 2.📚 ANTOLAKUNTZARAKO/4. MENUAK/5. DIETAS PIZARRA DIGITAL COMEDOR/08. APIRILA/PIZARRA COMEDOR.pptx: Duplicate object found in source - ignoring
2026/05/23 15:50:36 NOTICE: 2.📚 ANTOLAKUNTZARAKO/4. MENUAK/5. DIETAS PIZARRA DIGITAL COMEDOR/09. MAIATZA/PIZARRA COMEDOR 202605.pptx: Duplicate object found in source - ignoring
2026/05/23 15:50:40 NOTICE: 3.🍽  APPCC/4. APPCC Rev 03 202223/3. REGISTRO MATERIAS PRIMAS/1. EMATE-AGIRIAK/1. URRIA/Escaneado_ 20221025-0926.pdf: Duplicate object found in source - ignoring
2026/05/23 15:50:48 NOTICE: 3.🍽  APPCC/4. APPCC Rev 03 202223/7. FICHAS TÉCNICAS DE PLATOS/FICHAS DE PLATOS/1. DIETA BASAL/DIETA BASAL 1ER PLATO/Fideuá con verduras: Duplicate object found in source - ignoring
2026/05/23 15:50:48 NOTICE: 3.🍽  APPCC/4. APPCC Rev 03 202223/7. FICHAS TÉCNICAS DE PLATOS/FICHAS DE PLATOS/1. DIETA BASAL/DIETA BASAL 2º PLATO/Salmón al horno con lechuga: Duplicate object found in source - ignoring
2026/05/23 15:50:50 NOTICE: 3.🍽  APPCC/4. APPCC Rev 03 202223/7. FICHAS TÉCNICAS DE PLATOS/FICHAS DE PLATOS/3. DIETAS ESPECIALES/DIETAS ESPECIALES 2º PLATO/Lomo fresco plancha con champiñones: Duplicate object found in source - ignoring
2026/05/23 15:50:50 NOTICE: 3.🍽  APPCC/4. APPCC Rev 03 202223/7. FICHAS TÉCNICAS DE PLATOS/FICHAS DE PLATOS/3. DIETAS ESPECIALES/DIETAS ESPECIALES 2º PLATO/Merluza al horno con zanahorias: Duplicate object found in source - ignoring
2026/05/23 15:50:51 INFO  : There was nothing to transfer
2026/05/23 15:50:51 INFO  : 
Transferred:   	          0 B / 0 B, -, 0 B/s, ETA -
Checks:              4738 / 4738, 100%, Listed 10844
Elapsed time:      1m48.0s

[2026-05-23 15:50:51] Sincronización finalizada.
--------------------------------------------------
[2026-05-23 16:04:24] Iniciando sincronización en espejo...
2026/05/23 16:04:25 NOTICE: Documento sin título.docx: Duplicate object found in source - ignoring
2026/05/23 16:04:25 NOTICE: Documento sin título.docx: Duplicate object found in source - ignoring
2026/05/23 16:04:25 NOTICE: Documento sin título.docx: Duplicate object found in source - ignoring
2026/05/23 16:04:25 NOTICE: REUNI.mp3: Duplicate object found in source - ignoring
2026/05/23 16:04:26 NOTICE: 2.📚 ANTOLAKUNTZARAKO/0. DOKUMENTUAK/REGISTRO ENTRADA MATERIAS PRIMAS PARA COCINA.docx: Duplicate object found in source - ignoring
2026/05/23 16:04:27 NOTICE: 3.🍽  APPCC/1. APPCC/0. MANUAL SISTEMA APPCC/NUEVO MANUAL APPCC 202526.docx: Duplicate object found in source - ignoring
2026/05/23 16:04:28 NOTICE: 2.📚 ANTOLAKUNTZARAKO/4. MENUAK/1. MENU TIPOAK/GOMENDIOAK SCOLAREST MENURAKO.pdf: Duplicate object found in source - ignoring
2026/05/23 16:04:29 NOTICE: 2.📚 ANTOLAKUNTZARAKO/1. IZEN-EMATEA/JANTOKI ZERBITZURAKO IZEN EMATEA      INSCRIPCIÓN  SERVICIO  DE  COMEDOR (File responses)/HIRUGARRENAREN ALTA ／ ALTA DE TERCEROS (matrikula berriak bakarrik edo kontu aldaketak／solo nuevas matrículas o cambios de cuenta) (File responses)/ALTA TERCEROS COMEDOR - burgos zorrilla.pdf: Duplicate object found in source - ignoring
2026/05/23 16:04:29 NOTICE: 2.📚 ANTOLAKUNTZARAKO/1. IZEN-EMATEA/JANTOKI ZERBITZURAKO IZEN EMATEA      INSCRIPCIÓN  SERVICIO  DE  COMEDOR (File responses)/HIRUGARRENAREN ALTA ／ ALTA DE TERCEROS (matrikula berriak bakarrik edo kontu aldaketak／solo nuevas matrículas o cambios de cuenta) (File responses)/comedor IERA - FERNÁNDEZ DELGADO IERA.pdf: Duplicate object found in source - ignoring
2026/05/23 16:04:30 NOTICE: 2.📚 ANTOLAKUNTZARAKO/0. DOKUMENTUAK/BIZIKASI/Formación Personal no Docente_BAT.pptx: Duplicate object found in source - ignoring
2026/05/23 16:04:31 NOTICE: 3.🍽  APPCC/4. APPCC Rev 03 202223/1. REGISTRO TRAZABILIDAD/FOTOS ETIQUETA PRODUCTOS/2. URRIA/Escaneado_ 20221018-0924.pdf: Duplicate object found in source - ignoring
2026/05/23 16:04:33 NOTICE: 3.🍽  APPCC/1. APPCC/01. REG. TRAZABILIDAD-PRODUCCION/0. FOTOS ETIQUETA PRODUCTOS/02. URRIA/Escaneado_20251031-1323.pdf: Duplicate object found in source - ignoring
2026/05/23 16:04:39 NOTICE: 2.📚 ANTOLAKUNTZARAKO/16. IKASTURTEKO EBALUAZIOAK/JANTOKIKO TXOSTENAK/TXOSTENA HH／LH/INDICACIONES PARA CUMPLIMENTAR INFORMES DE EVALUACIÓN TRIMESTRAL HH-LH.docx (Converted - 2024-11-27 12:39).docx: Duplicate object found in source - ignoring
2026/05/23 16:04:41 NOTICE: 3.🍽  APPCC/4. APPCC Rev 03 202223/14. REGISTRO ENTREGA BPMs/LECTURA DE BPMs Y VIGENCIA DE LA FORMACIÓN (personal monitor) (File responses)/Firma este formulario (File responses)/FIRMA Ana - Begiraleak Jantoki.jpg: Duplicate object found in source - ignoring
2026/05/23 16:04:43 NOTICE: 3.🍽  APPCC/4. APPCC Rev 03 202223/13. REGISTRO DE FORMACIÓN/CERTIFICADOS DE MONITORAS/2022／23/MARIA MONTSERRAT MUNTE DOMENECH/Escaneado_ 20221107-1424.pdf: Duplicate object found in source - ignoring
2026/05/23 16:04:43 NOTICE: 3.🍽  APPCC/4. APPCC Rev 03 202223/13. REGISTRO DE FORMACIÓN/CERTIFICADOS DE MONITORAS/2022／23/MARIA MONTSERRAT MUNTE DOMENECH/Escaneado_ 20221107-1425.pdf: Duplicate object found in source - ignoring
2026/05/23 16:04:46 NOTICE: 2.📚 ANTOLAKUNTZARAKO/16. IKASTURTEKO EBALUAZIOAK/JANTOKIKO TXOSTENAK/TXOSTENA HH／LH/BAZKALTIAR BAKOITZAREN JANTOKI-TXOSTENA HH／LH/AIARA VARONA MARTINEZ.docx: Duplicate object found in source - ignoring
2026/05/23 16:04:46 NOTICE: 2.📚 ANTOLAKUNTZARAKO/12. BESTE/KONPONKETAK/Fotos panel arcón/20190523_122532.jpg: Duplicate object found in source - ignoring
2026/05/23 16:04:46 NOTICE: 2.📚 ANTOLAKUNTZARAKO/12. BESTE/KONPONKETAK/Fotos panel arcón/20190523_122539.jpg: Duplicate object found in source - ignoring
2026/05/23 16:04:46 NOTICE: 2.📚 ANTOLAKUNTZARAKO/12. BESTE/KONPONKETAK/Fotos panel arcón/20190523_122707.jpg: Duplicate object found in source - ignoring
2026/05/23 16:04:46 NOTICE: 2.📚 ANTOLAKUNTZARAKO/12. BESTE/KONPONKETAK/Fotos panel arcón/20190527_103540.jpg: Duplicate object found in source - ignoring
2026/05/23 16:04:46 NOTICE: 2.📚 ANTOLAKUNTZARAKO/12. BESTE/KONPONKETAK/Fotos panel arcón/20190527_103540.jpg: Duplicate object found in source - ignoring
2026/05/23 16:04:46 NOTICE: 2.📚 ANTOLAKUNTZARAKO/12. BESTE/KONPONKETAK/Fotos panel arcón/20190527_103551.jpg: Duplicate object found in source - ignoring
2026/05/23 16:04:46 NOTICE: 2.📚 ANTOLAKUNTZARAKO/12. BESTE/KONPONKETAK/Fotos panel arcón/20190527_103551.jpg: Duplicate object found in source - ignoring
2026/05/23 16:04:48 NOTICE: 2.📚 ANTOLAKUNTZARAKO/11. AUSOLAN/BEGIRALEAK/REGISTRO DE TAQUILLAS PERSONAL MONITOR (File responses)/Firma este formulario (File responses)/20211112_114001 - Begiraleak Jantoki.jpg: Duplicate object found in source - ignoring
2026/05/23 16:04:48 NOTICE: 2.📚 ANTOLAKUNTZARAKO/11. AUSOLAN/BEGIRALEAK/REGISTRO DE TAQUILLAS PERSONAL MONITOR (File responses)/Firma este formulario (File responses)/IMG20211112123920 - Begiraleak Jantoki.jpg: Duplicate object found in source - ignoring
2026/05/23 16:04:48 NOTICE: 2.📚 ANTOLAKUNTZARAKO/11. AUSOLAN/BEGIRALEAK/REGISTRO DE TAQUILLAS PERSONAL MONITOR (File responses)/Firma este formulario (File responses)/IMG20211112123920 - Begiraleak Jantoki.jpg: Duplicate object found in source - ignoring
2026/05/23 16:04:48 NOTICE: 2.📚 ANTOLAKUNTZARAKO/11. AUSOLAN/BEGIRALEAK/REGISTRO DE TAQUILLAS PERSONAL MONITOR (File responses)/Firma este formulario (File responses)/IMG_20211112_113950 - Begiraleak Jantoki.jpg: Duplicate object found in source - ignoring
2026/05/23 16:04:48 NOTICE: 2.📚 ANTOLAKUNTZARAKO/11. AUSOLAN/BEGIRALEAK/REGISTRO DE TAQUILLAS PERSONAL MONITOR (File responses)/Firma este formulario (File responses)/IMG_20211112_123910 - Begiraleak Jantoki.jpg: Duplicate object found in source - ignoring
2026/05/23 16:04:48 NOTICE: 2.📚 ANTOLAKUNTZARAKO/11. AUSOLAN/BEGIRALEAK/REGISTRO DE TAQUILLAS PERSONAL MONITOR (File responses)/Firma este formulario (File responses)/IMG_20211112_124038 - Begiraleak Jantoki.jpg: Duplicate object found in source - ignoring
2026/05/23 16:04:48 NOTICE: 2.📚 ANTOLAKUNTZARAKO/11. AUSOLAN/BEGIRALEAK/REGISTRO DE TAQUILLAS PERSONAL MONITOR (File responses)/Firma este formulario (File responses)/IMG_20211112_124038 - Begiraleak Jantoki.jpg: Duplicate object found in source - ignoring
2026/05/23 16:04:48 NOTICE: 2.📚 ANTOLAKUNTZARAKO/11. AUSOLAN/BEGIRALEAK/REGISTRO DE TAQUILLAS PERSONAL MONITOR (File responses)/Firma este formulario (File responses)/Notes_220609_190045_51c - Begiraleak Jantoki.jpg: Duplicate object found in source - ignoring
2026/05/23 16:04:48 NOTICE: 2.📚 ANTOLAKUNTZARAKO/11. AUSOLAN/BEGIRALEAK/REGISTRO DE TAQUILLAS PERSONAL MONITOR (File responses)/Firma este formulario (File responses)/firma - Begiraleak Jantoki.jpg: Duplicate object found in source - ignoring
2026/05/23 16:04:49 NOTICE: 2.📚 ANTOLAKUNTZARAKO/6. KOBRANTZAK-ORDAINKETAK/1. KOBRANTZAK BBK/2. ORDAINKETA-GUTUNA/0.PENDIENTES CON DEUDA/AMIR QADA/AMIR QADA-ABONADO-CARTA DE PAGO POR RECIBOS PENDIENTES COMEDOR CURSO 2024／25.docx: Duplicate object found in source - ignoring
2026/05/23 16:04:53 NOTICE: 3.🍽  APPCC/1. APPCC/01. REG. TRAZABILIDAD-PRODUCCION/0. FOTOS ETIQUETA PRODUCTOS/07. MARTXOA/Escaneado_20260313-1255.pdf: Duplicate object found in source - ignoring
2026/05/23 16:04:54 NOTICE: 2.📚 ANTOLAKUNTZARAKO/12. BESTE/FORMAKUNTZA/DIGICURRI/2. MODULUA/3. ATAZA/Orientazio-lasterketak hiztegia (respuestas).xlsx: Duplicate object found in source - ignoring
2026/05/23 16:04:56 NOTICE: 2.📚 ANTOLAKUNTZARAKO/6. KOBRANTZAK-ORDAINKETAK/1. KOBRANTZAK BBK/2. ORDAINKETA-GUTUNA/0.PENDIENTES CON DEUDA/CRISTIAN CASTELLON GONZALEZ 2025-26/CRISTIAN ANTONIO CASTELLON GONZALEZ-CARTA DE PAGO POR RECIBOS PENDIENTES COMEDOR CURSO 2025／26.docx: Duplicate object found in source - ignoring
2026/05/23 16:04:57 NOTICE: 3.🍽  APPCC/1. APPCC/01. REG. TRAZABILIDAD-PRODUCCION/0. FOTOS ETIQUETA PRODUCTOS/08. APIRILA/Escaneado_20260428-0904.pdf: Duplicate object found in source - ignoring
2026/05/23 16:05:07 NOTICE: 2.📚 ANTOLAKUNTZARAKO/4. MENUAK/5. DIETAS PIZARRA DIGITAL COMEDOR/08. APIRILA/PIZARRA COMEDOR.pptx: Duplicate object found in source - ignoring
2026/05/23 16:05:19 NOTICE: 2.📚 ANTOLAKUNTZARAKO/4. MENUAK/5. DIETAS PIZARRA DIGITAL COMEDOR/09. MAIATZA/PIZARRA COMEDOR 202605.pptx: Duplicate object found in source - ignoring
2026/05/23 16:05:24 INFO  : 
Transferred:   	          0 B / 0 B, -, 0 B/s, ETA -
Checks:              3627 / 3627, 100%, Listed 8537
Elapsed time:       1m0.0s

2026/05/23 16:05:30 NOTICE: 3.🍽  APPCC/4. APPCC Rev 03 202223/3. REGISTRO MATERIAS PRIMAS/1. EMATE-AGIRIAK/1. URRIA/Escaneado_ 20221025-0926.pdf: Duplicate object found in source - ignoring
2026/05/23 16:05:34 NOTICE: 3.🍽  APPCC/4. APPCC Rev 03 202223/7. FICHAS TÉCNICAS DE PLATOS/FICHAS DE PLATOS/1. DIETA BASAL/DIETA BASAL 1ER PLATO/Fideuá con verduras: Duplicate object found in source - ignoring
2026/05/23 16:05:35 NOTICE: 3.🍽  APPCC/4. APPCC Rev 03 202223/7. FICHAS TÉCNICAS DE PLATOS/FICHAS DE PLATOS/1. DIETA BASAL/DIETA BASAL 2º PLATO/Salmón al horno con lechuga: Duplicate object found in source - ignoring
2026/05/23 16:05:36 NOTICE: 3.🍽  APPCC/4. APPCC Rev 03 202223/7. FICHAS TÉCNICAS DE PLATOS/FICHAS DE PLATOS/3. DIETAS ESPECIALES/DIETAS ESPECIALES 2º PLATO/Lomo fresco plancha con champiñones: Duplicate object found in source - ignoring
2026/05/23 16:05:36 NOTICE: 3.🍽  APPCC/4. APPCC Rev 03 202223/7. FICHAS TÉCNICAS DE PLATOS/FICHAS DE PLATOS/3. DIETAS ESPECIALES/DIETAS ESPECIALES 2º PLATO/Merluza al horno con zanahorias: Duplicate object found in source - ignoring
2026/05/23 16:05:37 INFO  : There was nothing to transfer
2026/05/23 16:05:37 INFO  : 
Transferred:   	          0 B / 0 B, -, 0 B/s, ETA -
Checks:              4738 / 4738, 100%, Listed 10844
Elapsed time:      1m12.4s

[2026-05-23 16:05:37] Sincronización finalizada.
--------------------------------------------------
[2026-05-23 16:19:37] Iniciando sincronización en espejo...
2026/05/23 16:19:38 NOTICE: Documento sin título.docx: Duplicate object found in source - ignoring
2026/05/23 16:19:38 NOTICE: Documento sin título.docx: Duplicate object found in source - ignoring
2026/05/23 16:19:38 NOTICE: Documento sin título.docx: Duplicate object found in source - ignoring
2026/05/23 16:19:38 NOTICE: REUNI.mp3: Duplicate object found in source - ignoring
2026/05/23 16:19:39 NOTICE: 2.📚 ANTOLAKUNTZARAKO/0. DOKUMENTUAK/REGISTRO ENTRADA MATERIAS PRIMAS PARA COCINA.docx: Duplicate object found in source - ignoring
2026/05/23 16:19:39 NOTICE: 3.🍽  APPCC/1. APPCC/0. MANUAL SISTEMA APPCC/NUEVO MANUAL APPCC 202526.docx: Duplicate object found in source - ignoring
2026/05/23 16:19:41 NOTICE: 2.📚 ANTOLAKUNTZARAKO/4. MENUAK/1. MENU TIPOAK/GOMENDIOAK SCOLAREST MENURAKO.pdf: Duplicate object found in source - ignoring
2026/05/23 16:19:42 NOTICE: 2.📚 ANTOLAKUNTZARAKO/1. IZEN-EMATEA/JANTOKI ZERBITZURAKO IZEN EMATEA      INSCRIPCIÓN  SERVICIO  DE  COMEDOR (File responses)/HIRUGARRENAREN ALTA ／ ALTA DE TERCEROS (matrikula berriak bakarrik edo kontu aldaketak／solo nuevas matrículas o cambios de cuenta) (File responses)/ALTA TERCEROS COMEDOR - burgos zorrilla.pdf: Duplicate object found in source - ignoring
2026/05/23 16:19:42 NOTICE: 2.📚 ANTOLAKUNTZARAKO/1. IZEN-EMATEA/JANTOKI ZERBITZURAKO IZEN EMATEA      INSCRIPCIÓN  SERVICIO  DE  COMEDOR (File responses)/HIRUGARRENAREN ALTA ／ ALTA DE TERCEROS (matrikula berriak bakarrik edo kontu aldaketak／solo nuevas matrículas o cambios de cuenta) (File responses)/comedor IERA - FERNÁNDEZ DELGADO IERA.pdf: Duplicate object found in source - ignoring
2026/05/23 16:19:43 NOTICE: 2.📚 ANTOLAKUNTZARAKO/0. DOKUMENTUAK/BIZIKASI/Formación Personal no Docente_BAT.pptx: Duplicate object found in source - ignoring
2026/05/23 16:19:43 NOTICE: 3.🍽  APPCC/1. APPCC/01. REG. TRAZABILIDAD-PRODUCCION/0. FOTOS ETIQUETA PRODUCTOS/02. URRIA/Escaneado_20251031-1323.pdf: Duplicate object found in source - ignoring
2026/05/23 16:19:46 NOTICE: 3.🍽  APPCC/4. APPCC Rev 03 202223/1. REGISTRO TRAZABILIDAD/FOTOS ETIQUETA PRODUCTOS/2. URRIA/Escaneado_ 20221018-0924.pdf: Duplicate object found in source - ignoring
2026/05/23 16:19:56 NOTICE: 2.📚 ANTOLAKUNTZARAKO/6. KOBRANTZAK-ORDAINKETAK/1. KOBRANTZAK BBK/2. ORDAINKETA-GUTUNA/0.PENDIENTES CON DEUDA/AMIR QADA/AMIR QADA-ABONADO-CARTA DE PAGO POR RECIBOS PENDIENTES COMEDOR CURSO 2024／25.docx: Duplicate object found in source - ignoring
2026/05/23 16:19:57 NOTICE: 2.📚 ANTOLAKUNTZARAKO/16. IKASTURTEKO EBALUAZIOAK/JANTOKIKO TXOSTENAK/TXOSTENA HH／LH/INDICACIONES PARA CUMPLIMENTAR INFORMES DE EVALUACIÓN TRIMESTRAL HH-LH.docx (Converted - 2024-11-27 12:39).docx: Duplicate object found in source - ignoring
2026/05/23 16:19:59 NOTICE: 3.🍽  APPCC/4. APPCC Rev 03 202223/14. REGISTRO ENTREGA BPMs/LECTURA DE BPMs Y VIGENCIA DE LA FORMACIÓN (personal monitor) (File responses)/Firma este formulario (File responses)/FIRMA Ana - Begiraleak Jantoki.jpg: Duplicate object found in source - ignoring
2026/05/23 16:20:01 NOTICE: 3.🍽  APPCC/4. APPCC Rev 03 202223/13. REGISTRO DE FORMACIÓN/CERTIFICADOS DE MONITORAS/2022／23/MARIA MONTSERRAT MUNTE DOMENECH/Escaneado_ 20221107-1424.pdf: Duplicate object found in source - ignoring
2026/05/23 16:20:01 NOTICE: 3.🍽  APPCC/4. APPCC Rev 03 202223/13. REGISTRO DE FORMACIÓN/CERTIFICADOS DE MONITORAS/2022／23/MARIA MONTSERRAT MUNTE DOMENECH/Escaneado_ 20221107-1425.pdf: Duplicate object found in source - ignoring
2026/05/23 16:20:02 NOTICE: 3.🍽  APPCC/1. APPCC/01. REG. TRAZABILIDAD-PRODUCCION/0. FOTOS ETIQUETA PRODUCTOS/07. MARTXOA/Escaneado_20260313-1255.pdf: Duplicate object found in source - ignoring
2026/05/23 16:20:03 NOTICE: 2.📚 ANTOLAKUNTZARAKO/16. IKASTURTEKO EBALUAZIOAK/JANTOKIKO TXOSTENAK/TXOSTENA HH／LH/BAZKALTIAR BAKOITZAREN JANTOKI-TXOSTENA HH／LH/AIARA VARONA MARTINEZ.docx: Duplicate object found in source - ignoring
2026/05/23 16:20:04 NOTICE: 2.📚 ANTOLAKUNTZARAKO/12. BESTE/KONPONKETAK/Fotos panel arcón/20190523_122532.jpg: Duplicate object found in source - ignoring
2026/05/23 16:20:04 NOTICE: 2.📚 ANTOLAKUNTZARAKO/12. BESTE/KONPONKETAK/Fotos panel arcón/20190523_122539.jpg: Duplicate object found in source - ignoring
2026/05/23 16:20:04 NOTICE: 2.📚 ANTOLAKUNTZARAKO/12. BESTE/KONPONKETAK/Fotos panel arcón/20190523_122707.jpg: Duplicate object found in source - ignoring
2026/05/23 16:20:04 NOTICE: 2.📚 ANTOLAKUNTZARAKO/12. BESTE/KONPONKETAK/Fotos panel arcón/20190527_103540.jpg: Duplicate object found in source - ignoring
2026/05/23 16:20:04 NOTICE: 2.📚 ANTOLAKUNTZARAKO/12. BESTE/KONPONKETAK/Fotos panel arcón/20190527_103540.jpg: Duplicate object found in source - ignoring
2026/05/23 16:20:04 NOTICE: 2.📚 ANTOLAKUNTZARAKO/12. BESTE/KONPONKETAK/Fotos panel arcón/20190527_103551.jpg: Duplicate object found in source - ignoring
2026/05/23 16:20:04 NOTICE: 2.📚 ANTOLAKUNTZARAKO/12. BESTE/KONPONKETAK/Fotos panel arcón/20190527_103551.jpg: Duplicate object found in source - ignoring
2026/05/23 16:20:06 NOTICE: 2.📚 ANTOLAKUNTZARAKO/6. KOBRANTZAK-ORDAINKETAK/1. KOBRANTZAK BBK/2. ORDAINKETA-GUTUNA/0.PENDIENTES CON DEUDA/CRISTIAN CASTELLON GONZALEZ 2025-26/CRISTIAN ANTONIO CASTELLON GONZALEZ-CARTA DE PAGO POR RECIBOS PENDIENTES COMEDOR CURSO 2025／26.docx: Duplicate object found in source - ignoring
2026/05/23 16:20:11 NOTICE: 3.🍽  APPCC/1. APPCC/01. REG. TRAZABILIDAD-PRODUCCION/0. FOTOS ETIQUETA PRODUCTOS/08. APIRILA/Escaneado_20260428-0904.pdf: Duplicate object found in source - ignoring
2026/05/23 16:20:34 NOTICE: 2.📚 ANTOLAKUNTZARAKO/11. AUSOLAN/BEGIRALEAK/REGISTRO DE TAQUILLAS PERSONAL MONITOR (File responses)/Firma este formulario (File responses)/20211112_114001 - Begiraleak Jantoki.jpg: Duplicate object found in source - ignoring
2026/05/23 16:20:34 NOTICE: 2.📚 ANTOLAKUNTZARAKO/11. AUSOLAN/BEGIRALEAK/REGISTRO DE TAQUILLAS PERSONAL MONITOR (File responses)/Firma este formulario (File responses)/IMG20211112123920 - Begiraleak Jantoki.jpg: Duplicate object found in source - ignoring
2026/05/23 16:20:34 NOTICE: 2.📚 ANTOLAKUNTZARAKO/11. AUSOLAN/BEGIRALEAK/REGISTRO DE TAQUILLAS PERSONAL MONITOR (File responses)/Firma este formulario (File responses)/IMG20211112123920 - Begiraleak Jantoki.jpg: Duplicate object found in source - ignoring
2026/05/23 16:20:34 NOTICE: 2.📚 ANTOLAKUNTZARAKO/11. AUSOLAN/BEGIRALEAK/REGISTRO DE TAQUILLAS PERSONAL MONITOR (File responses)/Firma este formulario (File responses)/IMG_20211112_113950 - Begiraleak Jantoki.jpg: Duplicate object found in source - ignoring
2026/05/23 16:20:34 NOTICE: 2.📚 ANTOLAKUNTZARAKO/11. AUSOLAN/BEGIRALEAK/REGISTRO DE TAQUILLAS PERSONAL MONITOR (File responses)/Firma este formulario (File responses)/IMG_20211112_123910 - Begiraleak Jantoki.jpg: Duplicate object found in source - ignoring
2026/05/23 16:20:34 NOTICE: 2.📚 ANTOLAKUNTZARAKO/11. AUSOLAN/BEGIRALEAK/REGISTRO DE TAQUILLAS PERSONAL MONITOR (File responses)/Firma este formulario (File responses)/IMG_20211112_124038 - Begiraleak Jantoki.jpg: Duplicate object found in source - ignoring
2026/05/23 16:20:34 NOTICE: 2.📚 ANTOLAKUNTZARAKO/11. AUSOLAN/BEGIRALEAK/REGISTRO DE TAQUILLAS PERSONAL MONITOR (File responses)/Firma este formulario (File responses)/IMG_20211112_124038 - Begiraleak Jantoki.jpg: Duplicate object found in source - ignoring
2026/05/23 16:20:34 NOTICE: 2.📚 ANTOLAKUNTZARAKO/11. AUSOLAN/BEGIRALEAK/REGISTRO DE TAQUILLAS PERSONAL MONITOR (File responses)/Firma este formulario (File responses)/Notes_220609_190045_51c - Begiraleak Jantoki.jpg: Duplicate object found in source - ignoring
2026/05/23 16:20:34 NOTICE: 2.📚 ANTOLAKUNTZARAKO/11. AUSOLAN/BEGIRALEAK/REGISTRO DE TAQUILLAS PERSONAL MONITOR (File responses)/Firma este formulario (File responses)/firma - Begiraleak Jantoki.jpg: Duplicate object found in source - ignoring
2026/05/23 16:20:38 INFO  : 
Transferred:   	          0 B / 0 B, -, 0 B/s, ETA -
Checks:              3097 / 3097, 100%, Listed 7403
Elapsed time:       1m0.0s

2026/05/23 16:20:47 NOTICE: 2.📚 ANTOLAKUNTZARAKO/12. BESTE/FORMAKUNTZA/DIGICURRI/2. MODULUA/3. ATAZA/Orientazio-lasterketak hiztegia (respuestas).xlsx: Duplicate object found in source - ignoring
2026/05/23 16:20:54 NOTICE: 2.📚 ANTOLAKUNTZARAKO/4. MENUAK/5. DIETAS PIZARRA DIGITAL COMEDOR/08. APIRILA/PIZARRA COMEDOR.pptx: Duplicate object found in source - ignoring
2026/05/23 16:20:54 NOTICE: 2.📚 ANTOLAKUNTZARAKO/4. MENUAK/5. DIETAS PIZARRA DIGITAL COMEDOR/09. MAIATZA/PIZARRA COMEDOR 202605.pptx: Duplicate object found in source - ignoring
2026/05/23 16:20:56 NOTICE: 3.🍽  APPCC/4. APPCC Rev 03 202223/3. REGISTRO MATERIAS PRIMAS/1. EMATE-AGIRIAK/1. URRIA/Escaneado_ 20221025-0926.pdf: Duplicate object found in source - ignoring
2026/05/23 16:21:38 INFO  : 
Transferred:   	          0 B / 0 B, -, 0 B/s, ETA -
Checks:              4043 / 4043, 100%, Listed 9486
Elapsed time:       2m0.0s

2026/05/23 16:21:39 NOTICE: 3.🍽  APPCC/4. APPCC Rev 03 202223/7. FICHAS TÉCNICAS DE PLATOS/FICHAS DE PLATOS/1. DIETA BASAL/DIETA BASAL 1ER PLATO/Fideuá con verduras: Duplicate object found in source - ignoring
2026/05/23 16:21:40 NOTICE: 3.🍽  APPCC/4. APPCC Rev 03 202223/7. FICHAS TÉCNICAS DE PLATOS/FICHAS DE PLATOS/1. DIETA BASAL/DIETA BASAL 2º PLATO/Salmón al horno con lechuga: Duplicate object found in source - ignoring
2026/05/23 16:21:41 NOTICE: 3.🍽  APPCC/4. APPCC Rev 03 202223/7. FICHAS TÉCNICAS DE PLATOS/FICHAS DE PLATOS/3. DIETAS ESPECIALES/DIETAS ESPECIALES 2º PLATO/Lomo fresco plancha con champiñones: Duplicate object found in source - ignoring
2026/05/23 16:21:41 NOTICE: 3.🍽  APPCC/4. APPCC Rev 03 202223/7. FICHAS TÉCNICAS DE PLATOS/FICHAS DE PLATOS/3. DIETAS ESPECIALES/DIETAS ESPECIALES 2º PLATO/Merluza al horno con zanahorias: Duplicate object found in source - ignoring
2026/05/23 16:21:42 INFO  : There was nothing to transfer
2026/05/23 16:21:42 INFO  : 
Transferred:   	          0 B / 0 B, -, 0 B/s, ETA -
Checks:              4738 / 4738, 100%, Listed 10844
Elapsed time:       2m4.2s

[2026-05-23 16:21:42] Sincronización finalizada.
--------------------------------------------------
[2026-05-23 16:35:37] Iniciando sincronización en espejo...
2026/05/23 16:35:38 NOTICE: Documento sin título.docx: Duplicate object found in source - ignoring
2026/05/23 16:35:38 NOTICE: Documento sin título.docx: Duplicate object found in source - ignoring
2026/05/23 16:35:38 NOTICE: Documento sin título.docx: Duplicate object found in source - ignoring
2026/05/23 16:35:38 NOTICE: REUNI.mp3: Duplicate object found in source - ignoring
2026/05/23 16:35:39 NOTICE: 2.📚 ANTOLAKUNTZARAKO/0. DOKUMENTUAK/REGISTRO ENTRADA MATERIAS PRIMAS PARA COCINA.docx: Duplicate object found in source - ignoring
2026/05/23 16:35:40 NOTICE: 2.📚 ANTOLAKUNTZARAKO/4. MENUAK/1. MENU TIPOAK/GOMENDIOAK SCOLAREST MENURAKO.pdf: Duplicate object found in source - ignoring
2026/05/23 16:35:41 NOTICE: 3.🍽  APPCC/1. APPCC/0. MANUAL SISTEMA APPCC/NUEVO MANUAL APPCC 202526.docx: Duplicate object found in source - ignoring
2026/05/23 16:35:42 NOTICE: 2.📚 ANTOLAKUNTZARAKO/1. IZEN-EMATEA/JANTOKI ZERBITZURAKO IZEN EMATEA      INSCRIPCIÓN  SERVICIO  DE  COMEDOR (File responses)/HIRUGARRENAREN ALTA ／ ALTA DE TERCEROS (matrikula berriak bakarrik edo kontu aldaketak／solo nuevas matrículas o cambios de cuenta) (File responses)/ALTA TERCEROS COMEDOR - burgos zorrilla.pdf: Duplicate object found in source - ignoring
2026/05/23 16:35:42 NOTICE: 2.📚 ANTOLAKUNTZARAKO/1. IZEN-EMATEA/JANTOKI ZERBITZURAKO IZEN EMATEA      INSCRIPCIÓN  SERVICIO  DE  COMEDOR (File responses)/HIRUGARRENAREN ALTA ／ ALTA DE TERCEROS (matrikula berriak bakarrik edo kontu aldaketak／solo nuevas matrículas o cambios de cuenta) (File responses)/comedor IERA - FERNÁNDEZ DELGADO IERA.pdf: Duplicate object found in source - ignoring
2026/05/23 16:35:43 NOTICE: 2.📚 ANTOLAKUNTZARAKO/0. DOKUMENTUAK/BIZIKASI/Formación Personal no Docente_BAT.pptx: Duplicate object found in source - ignoring
2026/05/23 16:35:47 NOTICE: 2.📚 ANTOLAKUNTZARAKO/6. KOBRANTZAK-ORDAINKETAK/1. KOBRANTZAK BBK/2. ORDAINKETA-GUTUNA/0.PENDIENTES CON DEUDA/AMIR QADA/AMIR QADA-ABONADO-CARTA DE PAGO POR RECIBOS PENDIENTES COMEDOR CURSO 2024／25.docx: Duplicate object found in source - ignoring
2026/05/23 16:35:49 NOTICE: 3.🍽  APPCC/1. APPCC/01. REG. TRAZABILIDAD-PRODUCCION/0. FOTOS ETIQUETA PRODUCTOS/02. URRIA/Escaneado_20251031-1323.pdf: Duplicate object found in source - ignoring
2026/05/23 16:35:51 NOTICE: 2.📚 ANTOLAKUNTZARAKO/16. IKASTURTEKO EBALUAZIOAK/JANTOKIKO TXOSTENAK/TXOSTENA HH／LH/INDICACIONES PARA CUMPLIMENTAR INFORMES DE EVALUACIÓN TRIMESTRAL HH-LH.docx (Converted - 2024-11-27 12:39).docx: Duplicate object found in source - ignoring
2026/05/23 16:35:55 NOTICE: 2.📚 ANTOLAKUNTZARAKO/6. KOBRANTZAK-ORDAINKETAK/1. KOBRANTZAK BBK/2. ORDAINKETA-GUTUNA/0.PENDIENTES CON DEUDA/CRISTIAN CASTELLON GONZALEZ 2025-26/CRISTIAN ANTONIO CASTELLON GONZALEZ-CARTA DE PAGO POR RECIBOS PENDIENTES COMEDOR CURSO 2025／26.docx: Duplicate object found in source - ignoring
2026/05/23 16:35:55 NOTICE: 2.📚 ANTOLAKUNTZARAKO/12. BESTE/KONPONKETAK/Fotos panel arcón/20190523_122532.jpg: Duplicate object found in source - ignoring
2026/05/23 16:35:55 NOTICE: 2.📚 ANTOLAKUNTZARAKO/12. BESTE/KONPONKETAK/Fotos panel arcón/20190523_122539.jpg: Duplicate object found in source - ignoring
2026/05/23 16:35:55 NOTICE: 2.📚 ANTOLAKUNTZARAKO/12. BESTE/KONPONKETAK/Fotos panel arcón/20190523_122707.jpg: Duplicate object found in source - ignoring
2026/05/23 16:35:55 NOTICE: 2.📚 ANTOLAKUNTZARAKO/12. BESTE/KONPONKETAK/Fotos panel arcón/20190527_103540.jpg: Duplicate object found in source - ignoring
2026/05/23 16:35:55 NOTICE: 2.📚 ANTOLAKUNTZARAKO/12. BESTE/KONPONKETAK/Fotos panel arcón/20190527_103540.jpg: Duplicate object found in source - ignoring
2026/05/23 16:35:55 NOTICE: 2.📚 ANTOLAKUNTZARAKO/12. BESTE/KONPONKETAK/Fotos panel arcón/20190527_103551.jpg: Duplicate object found in source - ignoring
2026/05/23 16:35:55 NOTICE: 2.📚 ANTOLAKUNTZARAKO/12. BESTE/KONPONKETAK/Fotos panel arcón/20190527_103551.jpg: Duplicate object found in source - ignoring
2026/05/23 16:35:56 NOTICE: 2.📚 ANTOLAKUNTZARAKO/16. IKASTURTEKO EBALUAZIOAK/JANTOKIKO TXOSTENAK/TXOSTENA HH／LH/BAZKALTIAR BAKOITZAREN JANTOKI-TXOSTENA HH／LH/AIARA VARONA MARTINEZ.docx: Duplicate object found in source - ignoring
2026/05/23 16:35:59 NOTICE: 3.🍽  APPCC/4. APPCC Rev 03 202223/1. REGISTRO TRAZABILIDAD/FOTOS ETIQUETA PRODUCTOS/2. URRIA/Escaneado_ 20221018-0924.pdf: Duplicate object found in source - ignoring
2026/05/23 16:35:59 NOTICE: 2.📚 ANTOLAKUNTZARAKO/11. AUSOLAN/BEGIRALEAK/REGISTRO DE TAQUILLAS PERSONAL MONITOR (File responses)/Firma este formulario (File responses)/20211112_114001 - Begiraleak Jantoki.jpg: Duplicate object found in source - ignoring
2026/05/23 16:35:59 NOTICE: 2.📚 ANTOLAKUNTZARAKO/11. AUSOLAN/BEGIRALEAK/REGISTRO DE TAQUILLAS PERSONAL MONITOR (File responses)/Firma este formulario (File responses)/IMG20211112123920 - Begiraleak Jantoki.jpg: Duplicate object found in source - ignoring
2026/05/23 16:35:59 NOTICE: 2.📚 ANTOLAKUNTZARAKO/11. AUSOLAN/BEGIRALEAK/REGISTRO DE TAQUILLAS PERSONAL MONITOR (File responses)/Firma este formulario (File responses)/IMG20211112123920 - Begiraleak Jantoki.jpg: Duplicate object found in source - ignoring
2026/05/23 16:35:59 NOTICE: 2.📚 ANTOLAKUNTZARAKO/11. AUSOLAN/BEGIRALEAK/REGISTRO DE TAQUILLAS PERSONAL MONITOR (File responses)/Firma este formulario (File responses)/IMG_20211112_113950 - Begiraleak Jantoki.jpg: Duplicate object found in source - ignoring
2026/05/23 16:35:59 NOTICE: 2.📚 ANTOLAKUNTZARAKO/11. AUSOLAN/BEGIRALEAK/REGISTRO DE TAQUILLAS PERSONAL MONITOR (File responses)/Firma este formulario (File responses)/IMG_20211112_123910 - Begiraleak Jantoki.jpg: Duplicate object found in source - ignoring
2026/05/23 16:35:59 NOTICE: 2.📚 ANTOLAKUNTZARAKO/11. AUSOLAN/BEGIRALEAK/REGISTRO DE TAQUILLAS PERSONAL MONITOR (File responses)/Firma este formulario (File responses)/IMG_20211112_124038 - Begiraleak Jantoki.jpg: Duplicate object found in source - ignoring
2026/05/23 16:35:59 NOTICE: 2.📚 ANTOLAKUNTZARAKO/11. AUSOLAN/BEGIRALEAK/REGISTRO DE TAQUILLAS PERSONAL MONITOR (File responses)/Firma este formulario (File responses)/IMG_20211112_124038 - Begiraleak Jantoki.jpg: Duplicate object found in source - ignoring
2026/05/23 16:35:59 NOTICE: 2.📚 ANTOLAKUNTZARAKO/11. AUSOLAN/BEGIRALEAK/REGISTRO DE TAQUILLAS PERSONAL MONITOR (File responses)/Firma este formulario (File responses)/Notes_220609_190045_51c - Begiraleak Jantoki.jpg: Duplicate object found in source - ignoring
2026/05/23 16:35:59 NOTICE: 2.📚 ANTOLAKUNTZARAKO/11. AUSOLAN/BEGIRALEAK/REGISTRO DE TAQUILLAS PERSONAL MONITOR (File responses)/Firma este formulario (File responses)/firma - Begiraleak Jantoki.jpg: Duplicate object found in source - ignoring
2026/05/23 16:36:03 NOTICE: 2.📚 ANTOLAKUNTZARAKO/12. BESTE/FORMAKUNTZA/DIGICURRI/2. MODULUA/3. ATAZA/Orientazio-lasterketak hiztegia (respuestas).xlsx: Duplicate object found in source - ignoring
2026/05/23 16:36:32 NOTICE: 3.🍽  APPCC/1. APPCC/01. REG. TRAZABILIDAD-PRODUCCION/0. FOTOS ETIQUETA PRODUCTOS/07. MARTXOA/Escaneado_20260313-1255.pdf: Duplicate object found in source - ignoring
2026/05/23 16:36:33 NOTICE: 2.📚 ANTOLAKUNTZARAKO/4. MENUAK/5. DIETAS PIZARRA DIGITAL COMEDOR/08. APIRILA/PIZARRA COMEDOR.pptx: Duplicate object found in source - ignoring
2026/05/23 16:36:33 NOTICE: 3.🍽  APPCC/1. APPCC/01. REG. TRAZABILIDAD-PRODUCCION/0. FOTOS ETIQUETA PRODUCTOS/08. APIRILA/Escaneado_20260428-0904.pdf: Duplicate object found in source - ignoring
2026/05/23 16:36:34 NOTICE: 3.🍽  APPCC/4. APPCC Rev 03 202223/14. REGISTRO ENTREGA BPMs/LECTURA DE BPMs Y VIGENCIA DE LA FORMACIÓN (personal monitor) (File responses)/Firma este formulario (File responses)/FIRMA Ana - Begiraleak Jantoki.jpg: Duplicate object found in source - ignoring
2026/05/23 16:36:34 NOTICE: 3.🍽  APPCC/4. APPCC Rev 03 202223/13. REGISTRO DE FORMACIÓN/CERTIFICADOS DE MONITORAS/2022／23/MARIA MONTSERRAT MUNTE DOMENECH/Escaneado_ 20221107-1424.pdf: Duplicate object found in source - ignoring
2026/05/23 16:36:34 NOTICE: 3.🍽  APPCC/4. APPCC Rev 03 202223/13. REGISTRO DE FORMACIÓN/CERTIFICADOS DE MONITORAS/2022／23/MARIA MONTSERRAT MUNTE DOMENECH/Escaneado_ 20221107-1425.pdf: Duplicate object found in source - ignoring
2026/05/23 16:36:35 NOTICE: 2.📚 ANTOLAKUNTZARAKO/4. MENUAK/5. DIETAS PIZARRA DIGITAL COMEDOR/09. MAIATZA/PIZARRA COMEDOR 202605.pptx: Duplicate object found in source - ignoring
2026/05/23 16:36:38 INFO  : 
Transferred:   	          0 B / 0 B, -, 0 B/s, ETA -
Checks:              3714 / 3714, 100%, Listed 8698
Elapsed time:       1m0.0s

2026/05/23 16:36:44 NOTICE: 3.🍽  APPCC/4. APPCC Rev 03 202223/3. REGISTRO MATERIAS PRIMAS/1. EMATE-AGIRIAK/1. URRIA/Escaneado_ 20221025-0926.pdf: Duplicate object found in source - ignoring
2026/05/23 16:36:50 NOTICE: 3.🍽  APPCC/4. APPCC Rev 03 202223/7. FICHAS TÉCNICAS DE PLATOS/FICHAS DE PLATOS/1. DIETA BASAL/DIETA BASAL 1ER PLATO/Fideuá con verduras: Duplicate object found in source - ignoring
2026/05/23 16:36:50 NOTICE: 3.🍽  APPCC/4. APPCC Rev 03 202223/7. FICHAS TÉCNICAS DE PLATOS/FICHAS DE PLATOS/1. DIETA BASAL/DIETA BASAL 2º PLATO/Salmón al horno con lechuga: Duplicate object found in source - ignoring
2026/05/23 16:36:52 NOTICE: 3.🍽  APPCC/4. APPCC Rev 03 202223/7. FICHAS TÉCNICAS DE PLATOS/FICHAS DE PLATOS/3. DIETAS ESPECIALES/DIETAS ESPECIALES 2º PLATO/Lomo fresco plancha con champiñones: Duplicate object found in source - ignoring
2026/05/23 16:36:52 NOTICE: 3.🍽  APPCC/4. APPCC Rev 03 202223/7. FICHAS TÉCNICAS DE PLATOS/FICHAS DE PLATOS/3. DIETAS ESPECIALES/DIETAS ESPECIALES 2º PLATO/Merluza al horno con zanahorias: Duplicate object found in source - ignoring
2026/05/23 16:36:52 INFO  : There was nothing to transfer
2026/05/23 16:36:52 INFO  : 
Transferred:   	          0 B / 0 B, -, 0 B/s, ETA -
Checks:              4738 / 4738, 100%, Listed 10844
Elapsed time:      1m14.1s

[2026-05-23 16:36:52] Sincronización finalizada.
--------------------------------------------------
[2026-05-23 16:51:37] Iniciando sincronización en espejo...
2026/05/23 16:51:38 NOTICE: Documento sin título.docx: Duplicate object found in source - ignoring
2026/05/23 16:51:38 NOTICE: Documento sin título.docx: Duplicate object found in source - ignoring
2026/05/23 16:51:38 NOTICE: Documento sin título.docx: Duplicate object found in source - ignoring
2026/05/23 16:51:38 NOTICE: REUNI.mp3: Duplicate object found in source - ignoring
2026/05/23 16:51:39 NOTICE: 2.📚 ANTOLAKUNTZARAKO/0. DOKUMENTUAK/REGISTRO ENTRADA MATERIAS PRIMAS PARA COCINA.docx: Duplicate object found in source - ignoring
2026/05/23 16:51:40 NOTICE: 3.🍽  APPCC/1. APPCC/0. MANUAL SISTEMA APPCC/NUEVO MANUAL APPCC 202526.docx: Duplicate object found in source - ignoring
2026/05/23 16:51:41 NOTICE: 2.📚 ANTOLAKUNTZARAKO/4. MENUAK/1. MENU TIPOAK/GOMENDIOAK SCOLAREST MENURAKO.pdf: Duplicate object found in source - ignoring
2026/05/23 16:51:43 NOTICE: 2.📚 ANTOLAKUNTZARAKO/1. IZEN-EMATEA/JANTOKI ZERBITZURAKO IZEN EMATEA      INSCRIPCIÓN  SERVICIO  DE  COMEDOR (File responses)/HIRUGARRENAREN ALTA ／ ALTA DE TERCEROS (matrikula berriak bakarrik edo kontu aldaketak／solo nuevas matrículas o cambios de cuenta) (File responses)/ALTA TERCEROS COMEDOR - burgos zorrilla.pdf: Duplicate object found in source - ignoring
2026/05/23 16:51:43 NOTICE: 2.📚 ANTOLAKUNTZARAKO/1. IZEN-EMATEA/JANTOKI ZERBITZURAKO IZEN EMATEA      INSCRIPCIÓN  SERVICIO  DE  COMEDOR (File responses)/HIRUGARRENAREN ALTA ／ ALTA DE TERCEROS (matrikula berriak bakarrik edo kontu aldaketak／solo nuevas matrículas o cambios de cuenta) (File responses)/comedor IERA - FERNÁNDEZ DELGADO IERA.pdf: Duplicate object found in source - ignoring
2026/05/23 16:51:43 NOTICE: 2.📚 ANTOLAKUNTZARAKO/0. DOKUMENTUAK/BIZIKASI/Formación Personal no Docente_BAT.pptx: Duplicate object found in source - ignoring
2026/05/23 16:51:44 NOTICE: 3.🍽  APPCC/1. APPCC/01. REG. TRAZABILIDAD-PRODUCCION/0. FOTOS ETIQUETA PRODUCTOS/02. URRIA/Escaneado_20251031-1323.pdf: Duplicate object found in source - ignoring
2026/05/23 16:51:45 NOTICE: 3.🍽  APPCC/4. APPCC Rev 03 202223/1. REGISTRO TRAZABILIDAD/FOTOS ETIQUETA PRODUCTOS/2. URRIA/Escaneado_ 20221018-0924.pdf: Duplicate object found in source - ignoring
2026/05/23 16:51:55 NOTICE: 2.📚 ANTOLAKUNTZARAKO/16. IKASTURTEKO EBALUAZIOAK/JANTOKIKO TXOSTENAK/TXOSTENA HH／LH/INDICACIONES PARA CUMPLIMENTAR INFORMES DE EVALUACIÓN TRIMESTRAL HH-LH.docx (Converted - 2024-11-27 12:39).docx: Duplicate object found in source - ignoring
2026/05/23 16:51:55 NOTICE: 3.🍽  APPCC/4. APPCC Rev 03 202223/14. REGISTRO ENTREGA BPMs/LECTURA DE BPMs Y VIGENCIA DE LA FORMACIÓN (personal monitor) (File responses)/Firma este formulario (File responses)/FIRMA Ana - Begiraleak Jantoki.jpg: Duplicate object found in source - ignoring
2026/05/23 16:51:56 NOTICE: 3.🍽  APPCC/4. APPCC Rev 03 202223/13. REGISTRO DE FORMACIÓN/CERTIFICADOS DE MONITORAS/2022／23/MARIA MONTSERRAT MUNTE DOMENECH/Escaneado_ 20221107-1424.pdf: Duplicate object found in source - ignoring
2026/05/23 16:51:56 NOTICE: 3.🍽  APPCC/4. APPCC Rev 03 202223/13. REGISTRO DE FORMACIÓN/CERTIFICADOS DE MONITORAS/2022／23/MARIA MONTSERRAT MUNTE DOMENECH/Escaneado_ 20221107-1425.pdf: Duplicate object found in source - ignoring
2026/05/23 16:51:57 NOTICE: 2.📚 ANTOLAKUNTZARAKO/6. KOBRANTZAK-ORDAINKETAK/1. KOBRANTZAK BBK/2. ORDAINKETA-GUTUNA/0.PENDIENTES CON DEUDA/AMIR QADA/AMIR QADA-ABONADO-CARTA DE PAGO POR RECIBOS PENDIENTES COMEDOR CURSO 2024／25.docx: Duplicate object found in source - ignoring
2026/05/23 16:52:02 NOTICE: 2.📚 ANTOLAKUNTZARAKO/16. IKASTURTEKO EBALUAZIOAK/JANTOKIKO TXOSTENAK/TXOSTENA HH／LH/BAZKALTIAR BAKOITZAREN JANTOKI-TXOSTENA HH／LH/AIARA VARONA MARTINEZ.docx: Duplicate object found in source - ignoring
2026/05/23 16:52:02 NOTICE: 2.📚 ANTOLAKUNTZARAKO/12. BESTE/KONPONKETAK/Fotos panel arcón/20190523_122532.jpg: Duplicate object found in source - ignoring
2026/05/23 16:52:02 NOTICE: 2.📚 ANTOLAKUNTZARAKO/12. BESTE/KONPONKETAK/Fotos panel arcón/20190523_122539.jpg: Duplicate object found in source - ignoring
2026/05/23 16:52:02 NOTICE: 2.📚 ANTOLAKUNTZARAKO/12. BESTE/KONPONKETAK/Fotos panel arcón/20190523_122707.jpg: Duplicate object found in source - ignoring
2026/05/23 16:52:02 NOTICE: 2.📚 ANTOLAKUNTZARAKO/12. BESTE/KONPONKETAK/Fotos panel arcón/20190527_103540.jpg: Duplicate object found in source - ignoring
2026/05/23 16:52:02 NOTICE: 2.📚 ANTOLAKUNTZARAKO/12. BESTE/KONPONKETAK/Fotos panel arcón/20190527_103540.jpg: Duplicate object found in source - ignoring
2026/05/23 16:52:02 NOTICE: 2.📚 ANTOLAKUNTZARAKO/12. BESTE/KONPONKETAK/Fotos panel arcón/20190527_103551.jpg: Duplicate object found in source - ignoring
2026/05/23 16:52:02 NOTICE: 2.📚 ANTOLAKUNTZARAKO/12. BESTE/KONPONKETAK/Fotos panel arcón/20190527_103551.jpg: Duplicate object found in source - ignoring
2026/05/23 16:52:07 NOTICE: 2.📚 ANTOLAKUNTZARAKO/6. KOBRANTZAK-ORDAINKETAK/1. KOBRANTZAK BBK/2. ORDAINKETA-GUTUNA/0.PENDIENTES CON DEUDA/CRISTIAN CASTELLON GONZALEZ 2025-26/CRISTIAN ANTONIO CASTELLON GONZALEZ-CARTA DE PAGO POR RECIBOS PENDIENTES COMEDOR CURSO 2025／26.docx: Duplicate object found in source - ignoring
2026/05/23 16:52:25 NOTICE: 3.🍽  APPCC/1. APPCC/01. REG. TRAZABILIDAD-PRODUCCION/0. FOTOS ETIQUETA PRODUCTOS/07. MARTXOA/Escaneado_20260313-1255.pdf: Duplicate object found in source - ignoring
2026/05/23 16:52:26 NOTICE: 3.🍽  APPCC/1. APPCC/01. REG. TRAZABILIDAD-PRODUCCION/0. FOTOS ETIQUETA PRODUCTOS/08. APIRILA/Escaneado_20260428-0904.pdf: Duplicate object found in source - ignoring
2026/05/23 16:52:27 NOTICE: 2.📚 ANTOLAKUNTZARAKO/12. BESTE/FORMAKUNTZA/DIGICURRI/2. MODULUA/3. ATAZA/Orientazio-lasterketak hiztegia (respuestas).xlsx: Duplicate object found in source - ignoring
2026/05/23 16:52:27 NOTICE: 2.📚 ANTOLAKUNTZARAKO/11. AUSOLAN/BEGIRALEAK/REGISTRO DE TAQUILLAS PERSONAL MONITOR (File responses)/Firma este formulario (File responses)/20211112_114001 - Begiraleak Jantoki.jpg: Duplicate object found in source - ignoring
2026/05/23 16:52:27 NOTICE: 2.📚 ANTOLAKUNTZARAKO/11. AUSOLAN/BEGIRALEAK/REGISTRO DE TAQUILLAS PERSONAL MONITOR (File responses)/Firma este formulario (File responses)/IMG20211112123920 - Begiraleak Jantoki.jpg: Duplicate object found in source - ignoring
2026/05/23 16:52:27 NOTICE: 2.📚 ANTOLAKUNTZARAKO/11. AUSOLAN/BEGIRALEAK/REGISTRO DE TAQUILLAS PERSONAL MONITOR (File responses)/Firma este formulario (File responses)/IMG20211112123920 - Begiraleak Jantoki.jpg: Duplicate object found in source - ignoring
2026/05/23 16:52:27 NOTICE: 2.📚 ANTOLAKUNTZARAKO/11. AUSOLAN/BEGIRALEAK/REGISTRO DE TAQUILLAS PERSONAL MONITOR (File responses)/Firma este formulario (File responses)/IMG_20211112_113950 - Begiraleak Jantoki.jpg: Duplicate object found in source - ignoring
2026/05/23 16:52:27 NOTICE: 2.📚 ANTOLAKUNTZARAKO/11. AUSOLAN/BEGIRALEAK/REGISTRO DE TAQUILLAS PERSONAL MONITOR (File responses)/Firma este formulario (File responses)/IMG_20211112_123910 - Begiraleak Jantoki.jpg: Duplicate object found in source - ignoring
2026/05/23 16:52:27 NOTICE: 2.📚 ANTOLAKUNTZARAKO/11. AUSOLAN/BEGIRALEAK/REGISTRO DE TAQUILLAS PERSONAL MONITOR (File responses)/Firma este formulario (File responses)/IMG_20211112_124038 - Begiraleak Jantoki.jpg: Duplicate object found in source - ignoring
2026/05/23 16:52:27 NOTICE: 2.📚 ANTOLAKUNTZARAKO/11. AUSOLAN/BEGIRALEAK/REGISTRO DE TAQUILLAS PERSONAL MONITOR (File responses)/Firma este formulario (File responses)/IMG_20211112_124038 - Begiraleak Jantoki.jpg: Duplicate object found in source - ignoring
2026/05/23 16:52:27 NOTICE: 2.📚 ANTOLAKUNTZARAKO/11. AUSOLAN/BEGIRALEAK/REGISTRO DE TAQUILLAS PERSONAL MONITOR (File responses)/Firma este formulario (File responses)/Notes_220609_190045_51c - Begiraleak Jantoki.jpg: Duplicate object found in source - ignoring
2026/05/23 16:52:27 NOTICE: 2.📚 ANTOLAKUNTZARAKO/11. AUSOLAN/BEGIRALEAK/REGISTRO DE TAQUILLAS PERSONAL MONITOR (File responses)/Firma este formulario (File responses)/firma - Begiraleak Jantoki.jpg: Duplicate object found in source - ignoring
2026/05/23 16:52:30 NOTICE: 2.📚 ANTOLAKUNTZARAKO/4. MENUAK/5. DIETAS PIZARRA DIGITAL COMEDOR/08. APIRILA/PIZARRA COMEDOR.pptx: Duplicate object found in source - ignoring
2026/05/23 16:52:32 NOTICE: 2.📚 ANTOLAKUNTZARAKO/4. MENUAK/5. DIETAS PIZARRA DIGITAL COMEDOR/09. MAIATZA/PIZARRA COMEDOR 202605.pptx: Duplicate object found in source - ignoring
2026/05/23 16:52:33 NOTICE: 3.🍽  APPCC/4. APPCC Rev 03 202223/3. REGISTRO MATERIAS PRIMAS/1. EMATE-AGIRIAK/1. URRIA/Escaneado_ 20221025-0926.pdf: Duplicate object found in source - ignoring
2026/05/23 16:52:38 INFO  : 
Transferred:   	          0 B / 0 B, -, 0 B/s, ETA -
Checks:              3915 / 3915, 100%, Listed 9204
Elapsed time:       1m0.0s

2026/05/23 16:52:41 NOTICE: 3.🍽  APPCC/4. APPCC Rev 03 202223/7. FICHAS TÉCNICAS DE PLATOS/FICHAS DE PLATOS/1. DIETA BASAL/DIETA BASAL 1ER PLATO/Fideuá con verduras: Duplicate object found in source - ignoring
2026/05/23 16:52:42 NOTICE: 3.🍽  APPCC/4. APPCC Rev 03 202223/7. FICHAS TÉCNICAS DE PLATOS/FICHAS DE PLATOS/1. DIETA BASAL/DIETA BASAL 2º PLATO/Salmón al horno con lechuga: Duplicate object found in source - ignoring
2026/05/23 16:52:44 NOTICE: 3.🍽  APPCC/4. APPCC Rev 03 202223/7. FICHAS TÉCNICAS DE PLATOS/FICHAS DE PLATOS/3. DIETAS ESPECIALES/DIETAS ESPECIALES 2º PLATO/Lomo fresco plancha con champiñones: Duplicate object found in source - ignoring
2026/05/23 16:52:44 NOTICE: 3.🍽  APPCC/4. APPCC Rev 03 202223/7. FICHAS TÉCNICAS DE PLATOS/FICHAS DE PLATOS/3. DIETAS ESPECIALES/DIETAS ESPECIALES 2º PLATO/Merluza al horno con zanahorias: Duplicate object found in source - ignoring
2026/05/23 16:52:45 INFO  : There was nothing to transfer
2026/05/23 16:52:45 INFO  : 
Transferred:   	          0 B / 0 B, -, 0 B/s, ETA -
Checks:              4738 / 4738, 100%, Listed 10844
Elapsed time:       1m7.0s

[2026-05-23 16:52:45] Sincronización finalizada.
--------------------------------------------------
[2026-05-23 17:07:27] Iniciando sincronización en espejo...
2026/05/23 17:07:28 NOTICE: Documento sin título.docx: Duplicate object found in source - ignoring
2026/05/23 17:07:28 NOTICE: Documento sin título.docx: Duplicate object found in source - ignoring
2026/05/23 17:07:28 NOTICE: Documento sin título.docx: Duplicate object found in source - ignoring
2026/05/23 17:07:28 NOTICE: REUNI.mp3: Duplicate object found in source - ignoring
2026/05/23 17:07:29 NOTICE: 2.📚 ANTOLAKUNTZARAKO/0. DOKUMENTUAK/REGISTRO ENTRADA MATERIAS PRIMAS PARA COCINA.docx: Duplicate object found in source - ignoring
2026/05/23 17:07:30 NOTICE: 3.🍽  APPCC/1. APPCC/0. MANUAL SISTEMA APPCC/NUEVO MANUAL APPCC 202526.docx: Duplicate object found in source - ignoring
2026/05/23 17:07:31 NOTICE: 2.📚 ANTOLAKUNTZARAKO/4. MENUAK/1. MENU TIPOAK/GOMENDIOAK SCOLAREST MENURAKO.pdf: Duplicate object found in source - ignoring
2026/05/23 17:07:33 NOTICE: 2.📚 ANTOLAKUNTZARAKO/1. IZEN-EMATEA/JANTOKI ZERBITZURAKO IZEN EMATEA      INSCRIPCIÓN  SERVICIO  DE  COMEDOR (File responses)/HIRUGARRENAREN ALTA ／ ALTA DE TERCEROS (matrikula berriak bakarrik edo kontu aldaketak／solo nuevas matrículas o cambios de cuenta) (File responses)/ALTA TERCEROS COMEDOR - burgos zorrilla.pdf: Duplicate object found in source - ignoring
2026/05/23 17:07:33 NOTICE: 2.📚 ANTOLAKUNTZARAKO/1. IZEN-EMATEA/JANTOKI ZERBITZURAKO IZEN EMATEA      INSCRIPCIÓN  SERVICIO  DE  COMEDOR (File responses)/HIRUGARRENAREN ALTA ／ ALTA DE TERCEROS (matrikula berriak bakarrik edo kontu aldaketak／solo nuevas matrículas o cambios de cuenta) (File responses)/comedor IERA - FERNÁNDEZ DELGADO IERA.pdf: Duplicate object found in source - ignoring
2026/05/23 17:07:33 NOTICE: 2.📚 ANTOLAKUNTZARAKO/0. DOKUMENTUAK/BIZIKASI/Formación Personal no Docente_BAT.pptx: Duplicate object found in source - ignoring
2026/05/23 17:07:34 NOTICE: 3.🍽  APPCC/1. APPCC/01. REG. TRAZABILIDAD-PRODUCCION/0. FOTOS ETIQUETA PRODUCTOS/02. URRIA/Escaneado_20251031-1323.pdf: Duplicate object found in source - ignoring
2026/05/23 17:07:38 NOTICE: 3.🍽  APPCC/4. APPCC Rev 03 202223/1. REGISTRO TRAZABILIDAD/FOTOS ETIQUETA PRODUCTOS/2. URRIA/Escaneado_ 20221018-0924.pdf: Duplicate object found in source - ignoring
2026/05/23 17:07:46 NOTICE: 2.📚 ANTOLAKUNTZARAKO/6. KOBRANTZAK-ORDAINKETAK/1. KOBRANTZAK BBK/2. ORDAINKETA-GUTUNA/0.PENDIENTES CON DEUDA/AMIR QADA/AMIR QADA-ABONADO-CARTA DE PAGO POR RECIBOS PENDIENTES COMEDOR CURSO 2024／25.docx: Duplicate object found in source - ignoring
2026/05/23 17:07:47 NOTICE: 2.📚 ANTOLAKUNTZARAKO/16. IKASTURTEKO EBALUAZIOAK/JANTOKIKO TXOSTENAK/TXOSTENA HH／LH/INDICACIONES PARA CUMPLIMENTAR INFORMES DE EVALUACIÓN TRIMESTRAL HH-LH.docx (Converted - 2024-11-27 12:39).docx: Duplicate object found in source - ignoring
2026/05/23 17:07:50 NOTICE: 3.🍽  APPCC/4. APPCC Rev 03 202223/14. REGISTRO ENTREGA BPMs/LECTURA DE BPMs Y VIGENCIA DE LA FORMACIÓN (personal monitor) (File responses)/Firma este formulario (File responses)/FIRMA Ana - Begiraleak Jantoki.jpg: Duplicate object found in source - ignoring
2026/05/23 17:07:52 NOTICE: 3.🍽  APPCC/4. APPCC Rev 03 202223/13. REGISTRO DE FORMACIÓN/CERTIFICADOS DE MONITORAS/2022／23/MARIA MONTSERRAT MUNTE DOMENECH/Escaneado_ 20221107-1424.pdf: Duplicate object found in source - ignoring
2026/05/23 17:07:52 NOTICE: 3.🍽  APPCC/4. APPCC Rev 03 202223/13. REGISTRO DE FORMACIÓN/CERTIFICADOS DE MONITORAS/2022／23/MARIA MONTSERRAT MUNTE DOMENECH/Escaneado_ 20221107-1425.pdf: Duplicate object found in source - ignoring
2026/05/23 17:07:52 NOTICE: 2.📚 ANTOLAKUNTZARAKO/12. BESTE/KONPONKETAK/Fotos panel arcón/20190523_122532.jpg: Duplicate object found in source - ignoring
2026/05/23 17:07:52 NOTICE: 2.📚 ANTOLAKUNTZARAKO/12. BESTE/KONPONKETAK/Fotos panel arcón/20190523_122539.jpg: Duplicate object found in source - ignoring
2026/05/23 17:07:52 NOTICE: 2.📚 ANTOLAKUNTZARAKO/12. BESTE/KONPONKETAK/Fotos panel arcón/20190523_122707.jpg: Duplicate object found in source - ignoring
2026/05/23 17:07:52 NOTICE: 2.📚 ANTOLAKUNTZARAKO/12. BESTE/KONPONKETAK/Fotos panel arcón/20190527_103540.jpg: Duplicate object found in source - ignoring
2026/05/23 17:07:52 NOTICE: 2.📚 ANTOLAKUNTZARAKO/12. BESTE/KONPONKETAK/Fotos panel arcón/20190527_103540.jpg: Duplicate object found in source - ignoring
2026/05/23 17:07:52 NOTICE: 2.📚 ANTOLAKUNTZARAKO/12. BESTE/KONPONKETAK/Fotos panel arcón/20190527_103551.jpg: Duplicate object found in source - ignoring
2026/05/23 17:07:52 NOTICE: 2.📚 ANTOLAKUNTZARAKO/12. BESTE/KONPONKETAK/Fotos panel arcón/20190527_103551.jpg: Duplicate object found in source - ignoring
2026/05/23 17:07:53 NOTICE: 3.🍽  APPCC/1. APPCC/01. REG. TRAZABILIDAD-PRODUCCION/0. FOTOS ETIQUETA PRODUCTOS/07. MARTXOA/Escaneado_20260313-1255.pdf: Duplicate object found in source - ignoring
2026/05/23 17:07:54 NOTICE: 2.📚 ANTOLAKUNTZARAKO/16. IKASTURTEKO EBALUAZIOAK/JANTOKIKO TXOSTENAK/TXOSTENA HH／LH/BAZKALTIAR BAKOITZAREN JANTOKI-TXOSTENA HH／LH/AIARA VARONA MARTINEZ.docx: Duplicate object found in source - ignoring
2026/05/23 17:07:55 NOTICE: 2.📚 ANTOLAKUNTZARAKO/6. KOBRANTZAK-ORDAINKETAK/1. KOBRANTZAK BBK/2. ORDAINKETA-GUTUNA/0.PENDIENTES CON DEUDA/CRISTIAN CASTELLON GONZALEZ 2025-26/CRISTIAN ANTONIO CASTELLON GONZALEZ-CARTA DE PAGO POR RECIBOS PENDIENTES COMEDOR CURSO 2025／26.docx: Duplicate object found in source - ignoring
2026/05/23 17:07:57 NOTICE: 3.🍽  APPCC/1. APPCC/01. REG. TRAZABILIDAD-PRODUCCION/0. FOTOS ETIQUETA PRODUCTOS/08. APIRILA/Escaneado_20260428-0904.pdf: Duplicate object found in source - ignoring
2026/05/23 17:07:58 NOTICE: 2.📚 ANTOLAKUNTZARAKO/11. AUSOLAN/BEGIRALEAK/REGISTRO DE TAQUILLAS PERSONAL MONITOR (File responses)/Firma este formulario (File responses)/20211112_114001 - Begiraleak Jantoki.jpg: Duplicate object found in source - ignoring
2026/05/23 17:07:58 NOTICE: 2.📚 ANTOLAKUNTZARAKO/11. AUSOLAN/BEGIRALEAK/REGISTRO DE TAQUILLAS PERSONAL MONITOR (File responses)/Firma este formulario (File responses)/IMG20211112123920 - Begiraleak Jantoki.jpg: Duplicate object found in source - ignoring
2026/05/23 17:07:58 NOTICE: 2.📚 ANTOLAKUNTZARAKO/11. AUSOLAN/BEGIRALEAK/REGISTRO DE TAQUILLAS PERSONAL MONITOR (File responses)/Firma este formulario (File responses)/IMG20211112123920 - Begiraleak Jantoki.jpg: Duplicate object found in source - ignoring
2026/05/23 17:07:58 NOTICE: 2.📚 ANTOLAKUNTZARAKO/11. AUSOLAN/BEGIRALEAK/REGISTRO DE TAQUILLAS PERSONAL MONITOR (File responses)/Firma este formulario (File responses)/IMG_20211112_113950 - Begiraleak Jantoki.jpg: Duplicate object found in source - ignoring
2026/05/23 17:07:58 NOTICE: 2.📚 ANTOLAKUNTZARAKO/11. AUSOLAN/BEGIRALEAK/REGISTRO DE TAQUILLAS PERSONAL MONITOR (File responses)/Firma este formulario (File responses)/IMG_20211112_123910 - Begiraleak Jantoki.jpg: Duplicate object found in source - ignoring
2026/05/23 17:07:58 NOTICE: 2.📚 ANTOLAKUNTZARAKO/11. AUSOLAN/BEGIRALEAK/REGISTRO DE TAQUILLAS PERSONAL MONITOR (File responses)/Firma este formulario (File responses)/IMG_20211112_124038 - Begiraleak Jantoki.jpg: Duplicate object found in source - ignoring
2026/05/23 17:07:58 NOTICE: 2.📚 ANTOLAKUNTZARAKO/11. AUSOLAN/BEGIRALEAK/REGISTRO DE TAQUILLAS PERSONAL MONITOR (File responses)/Firma este formulario (File responses)/IMG_20211112_124038 - Begiraleak Jantoki.jpg: Duplicate object found in source - ignoring
2026/05/23 17:07:58 NOTICE: 2.📚 ANTOLAKUNTZARAKO/11. AUSOLAN/BEGIRALEAK/REGISTRO DE TAQUILLAS PERSONAL MONITOR (File responses)/Firma este formulario (File responses)/Notes_220609_190045_51c - Begiraleak Jantoki.jpg: Duplicate object found in source - ignoring
2026/05/23 17:07:58 NOTICE: 2.📚 ANTOLAKUNTZARAKO/11. AUSOLAN/BEGIRALEAK/REGISTRO DE TAQUILLAS PERSONAL MONITOR (File responses)/Firma este formulario (File responses)/firma - Begiraleak Jantoki.jpg: Duplicate object found in source - ignoring
2026/05/23 17:08:01 NOTICE: 2.📚 ANTOLAKUNTZARAKO/12. BESTE/FORMAKUNTZA/DIGICURRI/2. MODULUA/3. ATAZA/Orientazio-lasterketak hiztegia (respuestas).xlsx: Duplicate object found in source - ignoring
2026/05/23 17:08:28 INFO  : 
Transferred:   	          0 B / 0 B, -, 0 B/s, ETA -
Checks:              3475 / 3475, 100%, Listed 8178
Elapsed time:       1m0.0s

2026/05/23 17:08:32 NOTICE: 2.📚 ANTOLAKUNTZARAKO/4. MENUAK/5. DIETAS PIZARRA DIGITAL COMEDOR/08. APIRILA/PIZARRA COMEDOR.pptx: Duplicate object found in source - ignoring
2026/05/23 17:08:33 NOTICE: 2.📚 ANTOLAKUNTZARAKO/4. MENUAK/5. DIETAS PIZARRA DIGITAL COMEDOR/09. MAIATZA/PIZARRA COMEDOR 202605.pptx: Duplicate object found in source - ignoring
2026/05/23 17:08:36 NOTICE: 3.🍽  APPCC/4. APPCC Rev 03 202223/3. REGISTRO MATERIAS PRIMAS/1. EMATE-AGIRIAK/1. URRIA/Escaneado_ 20221025-0926.pdf: Duplicate object found in source - ignoring
2026/05/23 17:08:40 NOTICE: 3.🍽  APPCC/4. APPCC Rev 03 202223/7. FICHAS TÉCNICAS DE PLATOS/FICHAS DE PLATOS/3. DIETAS ESPECIALES/DIETAS ESPECIALES 2º PLATO/Lomo fresco plancha con champiñones: Duplicate object found in source - ignoring
2026/05/23 17:08:40 NOTICE: 3.🍽  APPCC/4. APPCC Rev 03 202223/7. FICHAS TÉCNICAS DE PLATOS/FICHAS DE PLATOS/3. DIETAS ESPECIALES/DIETAS ESPECIALES 2º PLATO/Merluza al horno con zanahorias: Duplicate object found in source - ignoring
2026/05/23 17:08:42 NOTICE: 3.🍽  APPCC/4. APPCC Rev 03 202223/7. FICHAS TÉCNICAS DE PLATOS/FICHAS DE PLATOS/1. DIETA BASAL/DIETA BASAL 1ER PLATO/Fideuá con verduras: Duplicate object found in source - ignoring
2026/05/23 17:08:42 NOTICE: 3.🍽  APPCC/4. APPCC Rev 03 202223/7. FICHAS TÉCNICAS DE PLATOS/FICHAS DE PLATOS/1. DIETA BASAL/DIETA BASAL 2º PLATO/Salmón al horno con lechuga: Duplicate object found in source - ignoring
2026/05/23 17:08:42 INFO  : There was nothing to transfer
2026/05/23 17:08:42 INFO  : 
Transferred:   	          0 B / 0 B, -, 0 B/s, ETA -
Checks:              4738 / 4738, 100%, Listed 10844
Elapsed time:      1m13.9s

[2026-05-23 17:08:42] Sincronización finalizada.
--------------------------------------------------
[2026-05-23 17:22:37] Iniciando sincronización en espejo...
2026/05/23 17:22:38 NOTICE: Documento sin título.docx: Duplicate object found in source - ignoring
2026/05/23 17:22:38 NOTICE: Documento sin título.docx: Duplicate object found in source - ignoring
2026/05/23 17:22:38 NOTICE: Documento sin título.docx: Duplicate object found in source - ignoring
2026/05/23 17:22:38 NOTICE: REUNI.mp3: Duplicate object found in source - ignoring
2026/05/23 17:22:39 NOTICE: 2.📚 ANTOLAKUNTZARAKO/0. DOKUMENTUAK/REGISTRO ENTRADA MATERIAS PRIMAS PARA COCINA.docx: Duplicate object found in source - ignoring
2026/05/23 17:22:39 NOTICE: 3.🍽  APPCC/1. APPCC/0. MANUAL SISTEMA APPCC/NUEVO MANUAL APPCC 202526.docx: Duplicate object found in source - ignoring
2026/05/23 17:22:40 NOTICE: 2.📚 ANTOLAKUNTZARAKO/4. MENUAK/1. MENU TIPOAK/GOMENDIOAK SCOLAREST MENURAKO.pdf: Duplicate object found in source - ignoring
2026/05/23 17:22:42 NOTICE: 2.📚 ANTOLAKUNTZARAKO/1. IZEN-EMATEA/JANTOKI ZERBITZURAKO IZEN EMATEA      INSCRIPCIÓN  SERVICIO  DE  COMEDOR (File responses)/HIRUGARRENAREN ALTA ／ ALTA DE TERCEROS (matrikula berriak bakarrik edo kontu aldaketak／solo nuevas matrículas o cambios de cuenta) (File responses)/ALTA TERCEROS COMEDOR - burgos zorrilla.pdf: Duplicate object found in source - ignoring
2026/05/23 17:22:42 NOTICE: 2.📚 ANTOLAKUNTZARAKO/1. IZEN-EMATEA/JANTOKI ZERBITZURAKO IZEN EMATEA      INSCRIPCIÓN  SERVICIO  DE  COMEDOR (File responses)/HIRUGARRENAREN ALTA ／ ALTA DE TERCEROS (matrikula berriak bakarrik edo kontu aldaketak／solo nuevas matrículas o cambios de cuenta) (File responses)/comedor IERA - FERNÁNDEZ DELGADO IERA.pdf: Duplicate object found in source - ignoring
2026/05/23 17:22:43 NOTICE: 2.📚 ANTOLAKUNTZARAKO/0. DOKUMENTUAK/BIZIKASI/Formación Personal no Docente_BAT.pptx: Duplicate object found in source - ignoring
2026/05/23 17:22:43 NOTICE: 3.🍽  APPCC/1. APPCC/01. REG. TRAZABILIDAD-PRODUCCION/0. FOTOS ETIQUETA PRODUCTOS/02. URRIA/Escaneado_20251031-1323.pdf: Duplicate object found in source - ignoring
2026/05/23 17:22:49 NOTICE: 3.🍽  APPCC/4. APPCC Rev 03 202223/1. REGISTRO TRAZABILIDAD/FOTOS ETIQUETA PRODUCTOS/2. URRIA/Escaneado_ 20221018-0924.pdf: Duplicate object found in source - ignoring
2026/05/23 17:22:56 NOTICE: 2.📚 ANTOLAKUNTZARAKO/16. IKASTURTEKO EBALUAZIOAK/JANTOKIKO TXOSTENAK/TXOSTENA HH／LH/INDICACIONES PARA CUMPLIMENTAR INFORMES DE EVALUACIÓN TRIMESTRAL HH-LH.docx (Converted - 2024-11-27 12:39).docx: Duplicate object found in source - ignoring
2026/05/23 17:22:57 NOTICE: 2.📚 ANTOLAKUNTZARAKO/6. KOBRANTZAK-ORDAINKETAK/1. KOBRANTZAK BBK/2. ORDAINKETA-GUTUNA/0.PENDIENTES CON DEUDA/AMIR QADA/AMIR QADA-ABONADO-CARTA DE PAGO POR RECIBOS PENDIENTES COMEDOR CURSO 2024／25.docx: Duplicate object found in source - ignoring
2026/05/23 17:23:02 NOTICE: 2.📚 ANTOLAKUNTZARAKO/12. BESTE/KONPONKETAK/Fotos panel arcón/20190523_122532.jpg: Duplicate object found in source - ignoring
2026/05/23 17:23:02 NOTICE: 2.📚 ANTOLAKUNTZARAKO/12. BESTE/KONPONKETAK/Fotos panel arcón/20190523_122539.jpg: Duplicate object found in source - ignoring
2026/05/23 17:23:02 NOTICE: 2.📚 ANTOLAKUNTZARAKO/12. BESTE/KONPONKETAK/Fotos panel arcón/20190523_122707.jpg: Duplicate object found in source - ignoring
2026/05/23 17:23:02 NOTICE: 2.📚 ANTOLAKUNTZARAKO/12. BESTE/KONPONKETAK/Fotos panel arcón/20190527_103540.jpg: Duplicate object found in source - ignoring
2026/05/23 17:23:02 NOTICE: 2.📚 ANTOLAKUNTZARAKO/12. BESTE/KONPONKETAK/Fotos panel arcón/20190527_103540.jpg: Duplicate object found in source - ignoring
2026/05/23 17:23:02 NOTICE: 2.📚 ANTOLAKUNTZARAKO/12. BESTE/KONPONKETAK/Fotos panel arcón/20190527_103551.jpg: Duplicate object found in source - ignoring
2026/05/23 17:23:02 NOTICE: 2.📚 ANTOLAKUNTZARAKO/12. BESTE/KONPONKETAK/Fotos panel arcón/20190527_103551.jpg: Duplicate object found in source - ignoring
2026/05/23 17:23:02 NOTICE: 3.🍽  APPCC/4. APPCC Rev 03 202223/14. REGISTRO ENTREGA BPMs/LECTURA DE BPMs Y VIGENCIA DE LA FORMACIÓN (personal monitor) (File responses)/Firma este formulario (File responses)/FIRMA Ana - Begiraleak Jantoki.jpg: Duplicate object found in source - ignoring
2026/05/23 17:23:02 NOTICE: 2.📚 ANTOLAKUNTZARAKO/16. IKASTURTEKO EBALUAZIOAK/JANTOKIKO TXOSTENAK/TXOSTENA HH／LH/BAZKALTIAR BAKOITZAREN JANTOKI-TXOSTENA HH／LH/AIARA VARONA MARTINEZ.docx: Duplicate object found in source - ignoring
2026/05/23 17:23:03 NOTICE: 3.🍽  APPCC/1. APPCC/01. REG. TRAZABILIDAD-PRODUCCION/0. FOTOS ETIQUETA PRODUCTOS/07. MARTXOA/Escaneado_20260313-1255.pdf: Duplicate object found in source - ignoring
2026/05/23 17:23:04 NOTICE: 3.🍽  APPCC/4. APPCC Rev 03 202223/13. REGISTRO DE FORMACIÓN/CERTIFICADOS DE MONITORAS/2022／23/MARIA MONTSERRAT MUNTE DOMENECH/Escaneado_ 20221107-1424.pdf: Duplicate object found in source - ignoring
2026/05/23 17:23:04 NOTICE: 3.🍽  APPCC/4. APPCC Rev 03 202223/13. REGISTRO DE FORMACIÓN/CERTIFICADOS DE MONITORAS/2022／23/MARIA MONTSERRAT MUNTE DOMENECH/Escaneado_ 20221107-1425.pdf: Duplicate object found in source - ignoring
2026/05/23 17:23:07 NOTICE: 2.📚 ANTOLAKUNTZARAKO/6. KOBRANTZAK-ORDAINKETAK/1. KOBRANTZAK BBK/2. ORDAINKETA-GUTUNA/0.PENDIENTES CON DEUDA/CRISTIAN CASTELLON GONZALEZ 2025-26/CRISTIAN ANTONIO CASTELLON GONZALEZ-CARTA DE PAGO POR RECIBOS PENDIENTES COMEDOR CURSO 2025／26.docx: Duplicate object found in source - ignoring
2026/05/23 17:23:08 NOTICE: 3.🍽  APPCC/1. APPCC/01. REG. TRAZABILIDAD-PRODUCCION/0. FOTOS ETIQUETA PRODUCTOS/08. APIRILA/Escaneado_20260428-0904.pdf: Duplicate object found in source - ignoring
2026/05/23 17:23:08 NOTICE: 2.📚 ANTOLAKUNTZARAKO/11. AUSOLAN/BEGIRALEAK/REGISTRO DE TAQUILLAS PERSONAL MONITOR (File responses)/Firma este formulario (File responses)/20211112_114001 - Begiraleak Jantoki.jpg: Duplicate object found in source - ignoring
2026/05/23 17:23:08 NOTICE: 2.📚 ANTOLAKUNTZARAKO/11. AUSOLAN/BEGIRALEAK/REGISTRO DE TAQUILLAS PERSONAL MONITOR (File responses)/Firma este formulario (File responses)/IMG20211112123920 - Begiraleak Jantoki.jpg: Duplicate object found in source - ignoring
2026/05/23 17:23:08 NOTICE: 2.📚 ANTOLAKUNTZARAKO/11. AUSOLAN/BEGIRALEAK/REGISTRO DE TAQUILLAS PERSONAL MONITOR (File responses)/Firma este formulario (File responses)/IMG20211112123920 - Begiraleak Jantoki.jpg: Duplicate object found in source - ignoring
2026/05/23 17:23:08 NOTICE: 2.📚 ANTOLAKUNTZARAKO/11. AUSOLAN/BEGIRALEAK/REGISTRO DE TAQUILLAS PERSONAL MONITOR (File responses)/Firma este formulario (File responses)/IMG_20211112_113950 - Begiraleak Jantoki.jpg: Duplicate object found in source - ignoring
2026/05/23 17:23:08 NOTICE: 2.📚 ANTOLAKUNTZARAKO/11. AUSOLAN/BEGIRALEAK/REGISTRO DE TAQUILLAS PERSONAL MONITOR (File responses)/Firma este formulario (File responses)/IMG_20211112_123910 - Begiraleak Jantoki.jpg: Duplicate object found in source - ignoring
2026/05/23 17:23:08 NOTICE: 2.📚 ANTOLAKUNTZARAKO/11. AUSOLAN/BEGIRALEAK/REGISTRO DE TAQUILLAS PERSONAL MONITOR (File responses)/Firma este formulario (File responses)/IMG_20211112_124038 - Begiraleak Jantoki.jpg: Duplicate object found in source - ignoring
2026/05/23 17:23:08 NOTICE: 2.📚 ANTOLAKUNTZARAKO/11. AUSOLAN/BEGIRALEAK/REGISTRO DE TAQUILLAS PERSONAL MONITOR (File responses)/Firma este formulario (File responses)/IMG_20211112_124038 - Begiraleak Jantoki.jpg: Duplicate object found in source - ignoring
2026/05/23 17:23:08 NOTICE: 2.📚 ANTOLAKUNTZARAKO/11. AUSOLAN/BEGIRALEAK/REGISTRO DE TAQUILLAS PERSONAL MONITOR (File responses)/Firma este formulario (File responses)/Notes_220609_190045_51c - Begiraleak Jantoki.jpg: Duplicate object found in source - ignoring
2026/05/23 17:23:08 NOTICE: 2.📚 ANTOLAKUNTZARAKO/11. AUSOLAN/BEGIRALEAK/REGISTRO DE TAQUILLAS PERSONAL MONITOR (File responses)/Firma este formulario (File responses)/firma - Begiraleak Jantoki.jpg: Duplicate object found in source - ignoring
2026/05/23 17:23:16 NOTICE: 2.📚 ANTOLAKUNTZARAKO/12. BESTE/FORMAKUNTZA/DIGICURRI/2. MODULUA/3. ATAZA/Orientazio-lasterketak hiztegia (respuestas).xlsx: Duplicate object found in source - ignoring
2026/05/23 17:23:38 INFO  : 
Transferred:   	          0 B / 0 B, -, 0 B/s, ETA -
Checks:              3504 / 3504, 100%, Listed 8219
Elapsed time:       1m0.0s

2026/05/23 17:23:41 NOTICE: 2.📚 ANTOLAKUNTZARAKO/4. MENUAK/5. DIETAS PIZARRA DIGITAL COMEDOR/08. APIRILA/PIZARRA COMEDOR.pptx: Duplicate object found in source - ignoring
2026/05/23 17:23:42 NOTICE: 2.📚 ANTOLAKUNTZARAKO/4. MENUAK/5. DIETAS PIZARRA DIGITAL COMEDOR/09. MAIATZA/PIZARRA COMEDOR 202605.pptx: Duplicate object found in source - ignoring
2026/05/23 17:23:44 NOTICE: 3.🍽  APPCC/4. APPCC Rev 03 202223/3. REGISTRO MATERIAS PRIMAS/1. EMATE-AGIRIAK/1. URRIA/Escaneado_ 20221025-0926.pdf: Duplicate object found in source - ignoring
2026/05/23 17:23:47 NOTICE: 3.🍽  APPCC/4. APPCC Rev 03 202223/7. FICHAS TÉCNICAS DE PLATOS/FICHAS DE PLATOS/1. DIETA BASAL/DIETA BASAL 1ER PLATO/Fideuá con verduras: Duplicate object found in source - ignoring
2026/05/23 17:23:49 NOTICE: 3.🍽  APPCC/4. APPCC Rev 03 202223/7. FICHAS TÉCNICAS DE PLATOS/FICHAS DE PLATOS/1. DIETA BASAL/DIETA BASAL 2º PLATO/Salmón al horno con lechuga: Duplicate object found in source - ignoring
2026/05/23 17:23:51 NOTICE: 3.🍽  APPCC/4. APPCC Rev 03 202223/7. FICHAS TÉCNICAS DE PLATOS/FICHAS DE PLATOS/3. DIETAS ESPECIALES/DIETAS ESPECIALES 2º PLATO/Lomo fresco plancha con champiñones: Duplicate object found in source - ignoring
2026/05/23 17:23:51 NOTICE: 3.🍽  APPCC/4. APPCC Rev 03 202223/7. FICHAS TÉCNICAS DE PLATOS/FICHAS DE PLATOS/3. DIETAS ESPECIALES/DIETAS ESPECIALES 2º PLATO/Merluza al horno con zanahorias: Duplicate object found in source - ignoring
2026/05/23 17:23:51 INFO  : There was nothing to transfer
2026/05/23 17:23:51 INFO  : 
Transferred:   	          0 B / 0 B, -, 0 B/s, ETA -
Checks:              4738 / 4738, 100%, Listed 10844
Elapsed time:      1m13.3s

[2026-05-23 17:23:51] Sincronización finalizada.
--------------------------------------------------
